study,scenario,K,euler_steps,paths,method,output_path,runtime_seconds
benchmark,K=70 put,70,1200,1200000,benchmark,D:\Mara PhD\Paper-C\To be deleted\full_numerical_studies\bgk_r02_calibrated_t1_nex12\results\reference_values\bgk_r02_calibrated_t1_nex12_benchmark_steps1200_paths1200000_table.csv,254.998871
benchmark,K=80 put,80,1200,1200000,benchmark,D:\Mara PhD\Paper-C\To be deleted\full_numerical_studies\bgk_r02_calibrated_t1_nex12\results\reference_values\bgk_r02_calibrated_t1_nex12_benchmark_steps1200_paths1200000_table.csv,255.386833
benchmark,OTM put,90,1200,1200000,benchmark,D:\Mara PhD\Paper-C\To be deleted\full_numerical_studies\bgk_r02_calibrated_t1_nex12\results\reference_values\bgk_r02_calibrated_t1_nex12_benchmark_steps1200_paths1200000_table.csv,254.808424
benchmark,ATM,100,1200,1200000,benchmark,D:\Mara PhD\Paper-C\To be deleted\full_numerical_studies\bgk_r02_calibrated_t1_nex12\results\reference_values\bgk_r02_calibrated_t1_nex12_benchmark_steps1200_paths1200000_table.csv,256.050623
benchmark,ITM put,110,1200,1200000,benchmark,D:\Mara PhD\Paper-C\To be deleted\full_numerical_studies\bgk_r02_calibrated_t1_nex12\results\reference_values\bgk_r02_calibrated_t1_nex12_benchmark_steps1200_paths1200000_table.csv,255.647408
path_48,K=70 put,70,48,250,benchmark,D:\Mara PhD\Paper-C\To be deleted\full_numerical_studies\bgk_r02_calibrated_t1_nex12\results\reference_values\path_sweep\bgk_r02_calibrated_t1_nex12_path_sweep_k70_steps48_direct_ref1200_paths1200000_table.csv,0.171193
path_48,K=70 put,70,48,250,hybrid,D:\Mara PhD\Paper-C\To be deleted\full_numerical_studies\bgk_r02_calibrated_t1_nex12\results\reference_values\path_sweep\bgk_r02_calibrated_t1_nex12_path_sweep_k70_steps48_direct_ref1200_paths1200000_table.csv,1.041314
path_48,K=70 put,70,48,500,benchmark,D:\Mara PhD\Paper-C\To be deleted\full_numerical_studies\bgk_r02_calibrated_t1_nex12\results\reference_values\path_sweep\bgk_r02_calibrated_t1_nex12_path_sweep_k70_steps48_direct_ref1200_paths1200000_table.csv,0.170967
path_48,K=70 put,70,48,500,hybrid,D:\Mara PhD\Paper-C\To be deleted\full_numerical_studies\bgk_r02_calibrated_t1_nex12\results\reference_values\path_sweep\bgk_r02_calibrated_t1_nex12_path_sweep_k70_steps48_direct_ref1200_paths1200000_table.csv,1.917910
path_48,K=70 put,70,48,1000,benchmark,D:\Mara PhD\Paper-C\To be deleted\full_numerical_studies\bgk_r02_calibrated_t1_nex12\results\reference_values\path_sweep\bgk_r02_calibrated_t1_nex12_path_sweep_k70_steps48_direct_ref1200_paths1200000_table.csv,0.179209
path_48,K=70 put,70,48,1000,hybrid,D:\Mara PhD\Paper-C\To be deleted\full_numerical_studies\bgk_r02_calibrated_t1_nex12\results\reference_values\path_sweep\bgk_r02_calibrated_t1_nex12_path_sweep_k70_steps48_direct_ref1200_paths1200000_table.csv,3.708115
path_48,K=70 put,70,48,2000,benchmark,D:\Mara PhD\Paper-C\To be deleted\full_numerical_studies\bgk_r02_calibrated_t1_nex12\results\reference_values\path_sweep\bgk_r02_calibrated_t1_nex12_path_sweep_k70_steps48_direct_ref1200_paths1200000_table.csv,0.180378
path_48,K=70 put,70,48,2000,hybrid,D:\Mara PhD\Paper-C\To be deleted\full_numerical_studies\bgk_r02_calibrated_t1_nex12\results\reference_values\path_sweep\bgk_r02_calibrated_t1_nex12_path_sweep_k70_steps48_direct_ref1200_paths1200000_table.csv,5.493016
path_48,K=70 put,70,48,5000,benchmark,D:\Mara PhD\Paper-C\To be deleted\full_numerical_studies\bgk_r02_calibrated_t1_nex12\results\reference_values\path_sweep\bgk_r02_calibrated_t1_nex12_path_sweep_k70_steps48_direct_ref1200_paths1200000_table.csv,0.196031
path_48,K=70 put,70,48,5000,hybrid,D:\Mara PhD\Paper-C\To be deleted\full_numerical_studies\bgk_r02_calibrated_t1_nex12\results\reference_values\path_sweep\bgk_r02_calibrated_t1_nex12_path_sweep_k70_steps48_direct_ref1200_paths1200000_table.csv,10.758168
path_48,K=70 put,70,48,10000,benchmark,D:\Mara PhD\Paper-C\To be deleted\full_numerical_studies\bgk_r02_calibrated_t1_nex12\results\reference_values\path_sweep\bgk_r02_calibrated_t1_nex12_path_sweep_k70_steps48_direct_ref1200_paths1200000_table.csv,0.220331
path_48,K=70 put,70,48,10000,hybrid,D:\Mara PhD\Paper-C\To be deleted\full_numerical_studies\bgk_r02_calibrated_t1_nex12\results\reference_values\path_sweep\bgk_r02_calibrated_t1_nex12_path_sweep_k70_steps48_direct_ref1200_paths1200000_table.csv,19.585229
path_48,K=70 put,70,48,20000,benchmark,D:\Mara PhD\Paper-C\To be deleted\full_numerical_studies\bgk_r02_calibrated_t1_nex12\results\reference_values\path_sweep\bgk_r02_calibrated_t1_nex12_path_sweep_k70_steps48_direct_ref1200_paths1200000_table.csv,0.295652
path_48,K=70 put,70,48,20000,hybrid,D:\Mara PhD\Paper-C\To be deleted\full_numerical_studies\bgk_r02_calibrated_t1_nex12\results\reference_values\path_sweep\bgk_r02_calibrated_t1_nex12_path_sweep_k70_steps48_direct_ref1200_paths1200000_table.csv,37.369043
path_48,K=70 put,70,48,40000,benchmark,D:\Mara PhD\Paper-C\To be deleted\full_numerical_studies\bgk_r02_calibrated_t1_nex12\results\reference_values\path_sweep\bgk_r02_calibrated_t1_nex12_path_sweep_k70_steps48_direct_ref1200_paths1200000_table.csv,0.404106
path_48,K=70 put,70,48,40000,hybrid,D:\Mara PhD\Paper-C\To be deleted\full_numerical_studies\bgk_r02_calibrated_t1_nex12\results\reference_values\path_sweep\bgk_r02_calibrated_t1_nex12_path_sweep_k70_steps48_direct_ref1200_paths1200000_table.csv,72.920349
path_48,K=70 put,70,48,60000,benchmark,D:\Mara PhD\Paper-C\To be deleted\full_numerical_studies\bgk_r02_calibrated_t1_nex12\results\reference_values\path_sweep\bgk_r02_calibrated_t1_nex12_path_sweep_k70_steps48_direct_ref1200_paths1200000_table.csv,0.569392
path_48,K=70 put,70,48,60000,hybrid,D:\Mara PhD\Paper-C\To be deleted\full_numerical_studies\bgk_r02_calibrated_t1_nex12\results\reference_values\path_sweep\bgk_r02_calibrated_t1_nex12_path_sweep_k70_steps48_direct_ref1200_paths1200000_table.csv,108.017332
path_48,K=80 put,80,48,250,benchmark,D:\Mara PhD\Paper-C\To be deleted\full_numerical_studies\bgk_r02_calibrated_t1_nex12\results\reference_values\path_sweep\bgk_r02_calibrated_t1_nex12_path_sweep_k80_steps48_direct_ref1200_paths1200000_table.csv,0.170088
path_48,K=80 put,80,48,250,hybrid,D:\Mara PhD\Paper-C\To be deleted\full_numerical_studies\bgk_r02_calibrated_t1_nex12\results\reference_values\path_sweep\bgk_r02_calibrated_t1_nex12_path_sweep_k80_steps48_direct_ref1200_paths1200000_table.csv,1.038207
path_48,K=80 put,80,48,500,benchmark,D:\Mara PhD\Paper-C\To be deleted\full_numerical_studies\bgk_r02_calibrated_t1_nex12\results\reference_values\path_sweep\bgk_r02_calibrated_t1_nex12_path_sweep_k80_steps48_direct_ref1200_paths1200000_table.csv,0.173624
path_48,K=80 put,80,48,500,hybrid,D:\Mara PhD\Paper-C\To be deleted\full_numerical_studies\bgk_r02_calibrated_t1_nex12\results\reference_values\path_sweep\bgk_r02_calibrated_t1_nex12_path_sweep_k80_steps48_direct_ref1200_paths1200000_table.csv,1.922181
path_48,K=80 put,80,48,1000,benchmark,D:\Mara PhD\Paper-C\To be deleted\full_numerical_studies\bgk_r02_calibrated_t1_nex12\results\reference_values\path_sweep\bgk_r02_calibrated_t1_nex12_path_sweep_k80_steps48_direct_ref1200_paths1200000_table.csv,0.172804
path_48,K=80 put,80,48,1000,hybrid,D:\Mara PhD\Paper-C\To be deleted\full_numerical_studies\bgk_r02_calibrated_t1_nex12\results\reference_values\path_sweep\bgk_r02_calibrated_t1_nex12_path_sweep_k80_steps48_direct_ref1200_paths1200000_table.csv,3.685412
path_48,K=80 put,80,48,2000,benchmark,D:\Mara PhD\Paper-C\To be deleted\full_numerical_studies\bgk_r02_calibrated_t1_nex12\results\reference_values\path_sweep\bgk_r02_calibrated_t1_nex12_path_sweep_k80_steps48_direct_ref1200_paths1200000_table.csv,0.183701
path_48,K=80 put,80,48,2000,hybrid,D:\Mara PhD\Paper-C\To be deleted\full_numerical_studies\bgk_r02_calibrated_t1_nex12\results\reference_values\path_sweep\bgk_r02_calibrated_t1_nex12_path_sweep_k80_steps48_direct_ref1200_paths1200000_table.csv,5.479983
path_48,K=80 put,80,48,5000,benchmark,D:\Mara PhD\Paper-C\To be deleted\full_numerical_studies\bgk_r02_calibrated_t1_nex12\results\reference_values\path_sweep\bgk_r02_calibrated_t1_nex12_path_sweep_k80_steps48_direct_ref1200_paths1200000_table.csv,0.195775
path_48,K=80 put,80,48,5000,hybrid,D:\Mara PhD\Paper-C\To be deleted\full_numerical_studies\bgk_r02_calibrated_t1_nex12\results\reference_values\path_sweep\bgk_r02_calibrated_t1_nex12_path_sweep_k80_steps48_direct_ref1200_paths1200000_table.csv,10.748742
path_48,K=80 put,80,48,10000,benchmark,D:\Mara PhD\Paper-C\To be deleted\full_numerical_studies\bgk_r02_calibrated_t1_nex12\results\reference_values\path_sweep\bgk_r02_calibrated_t1_nex12_path_sweep_k80_steps48_direct_ref1200_paths1200000_table.csv,0.221867
path_48,K=80 put,80,48,10000,hybrid,D:\Mara PhD\Paper-C\To be deleted\full_numerical_studies\bgk_r02_calibrated_t1_nex12\results\reference_values\path_sweep\bgk_r02_calibrated_t1_nex12_path_sweep_k80_steps48_direct_ref1200_paths1200000_table.csv,19.611842
path_48,K=80 put,80,48,20000,benchmark,D:\Mara PhD\Paper-C\To be deleted\full_numerical_studies\bgk_r02_calibrated_t1_nex12\results\reference_values\path_sweep\bgk_r02_calibrated_t1_nex12_path_sweep_k80_steps48_direct_ref1200_paths1200000_table.csv,0.275050
path_48,K=80 put,80,48,20000,hybrid,D:\Mara PhD\Paper-C\To be deleted\full_numerical_studies\bgk_r02_calibrated_t1_nex12\results\reference_values\path_sweep\bgk_r02_calibrated_t1_nex12_path_sweep_k80_steps48_direct_ref1200_paths1200000_table.csv,37.399895
path_48,K=80 put,80,48,40000,benchmark,D:\Mara PhD\Paper-C\To be deleted\full_numerical_studies\bgk_r02_calibrated_t1_nex12\results\reference_values\path_sweep\bgk_r02_calibrated_t1_nex12_path_sweep_k80_steps48_direct_ref1200_paths1200000_table.csv,0.412716
path_48,K=80 put,80,48,40000,hybrid,D:\Mara PhD\Paper-C\To be deleted\full_numerical_studies\bgk_r02_calibrated_t1_nex12\results\reference_values\path_sweep\bgk_r02_calibrated_t1_nex12_path_sweep_k80_steps48_direct_ref1200_paths1200000_table.csv,73.214643
path_48,K=80 put,80,48,60000,benchmark,D:\Mara PhD\Paper-C\To be deleted\full_numerical_studies\bgk_r02_calibrated_t1_nex12\results\reference_values\path_sweep\bgk_r02_calibrated_t1_nex12_path_sweep_k80_steps48_direct_ref1200_paths1200000_table.csv,0.541459
path_48,K=80 put,80,48,60000,hybrid,D:\Mara PhD\Paper-C\To be deleted\full_numerical_studies\bgk_r02_calibrated_t1_nex12\results\reference_values\path_sweep\bgk_r02_calibrated_t1_nex12_path_sweep_k80_steps48_direct_ref1200_paths1200000_table.csv,107.739433
path_48,OTM put,90,48,250,benchmark,D:\Mara PhD\Paper-C\To be deleted\full_numerical_studies\bgk_r02_calibrated_t1_nex12\results\reference_values\path_sweep\bgk_r02_calibrated_t1_nex12_path_sweep_k90_steps48_direct_ref1200_paths1200000_table.csv,0.168336
path_48,OTM put,90,48,250,hybrid,D:\Mara PhD\Paper-C\To be deleted\full_numerical_studies\bgk_r02_calibrated_t1_nex12\results\reference_values\path_sweep\bgk_r02_calibrated_t1_nex12_path_sweep_k90_steps48_direct_ref1200_paths1200000_table.csv,1.050543
path_48,OTM put,90,48,500,benchmark,D:\Mara PhD\Paper-C\To be deleted\full_numerical_studies\bgk_r02_calibrated_t1_nex12\results\reference_values\path_sweep\bgk_r02_calibrated_t1_nex12_path_sweep_k90_steps48_direct_ref1200_paths1200000_table.csv,0.185199
path_48,OTM put,90,48,500,hybrid,D:\Mara PhD\Paper-C\To be deleted\full_numerical_studies\bgk_r02_calibrated_t1_nex12\results\reference_values\path_sweep\bgk_r02_calibrated_t1_nex12_path_sweep_k90_steps48_direct_ref1200_paths1200000_table.csv,1.937514
path_48,OTM put,90,48,1000,benchmark,D:\Mara PhD\Paper-C\To be deleted\full_numerical_studies\bgk_r02_calibrated_t1_nex12\results\reference_values\path_sweep\bgk_r02_calibrated_t1_nex12_path_sweep_k90_steps48_direct_ref1200_paths1200000_table.csv,0.182376
path_48,OTM put,90,48,1000,hybrid,D:\Mara PhD\Paper-C\To be deleted\full_numerical_studies\bgk_r02_calibrated_t1_nex12\results\reference_values\path_sweep\bgk_r02_calibrated_t1_nex12_path_sweep_k90_steps48_direct_ref1200_paths1200000_table.csv,3.704016
path_48,OTM put,90,48,2000,benchmark,D:\Mara PhD\Paper-C\To be deleted\full_numerical_studies\bgk_r02_calibrated_t1_nex12\results\reference_values\path_sweep\bgk_r02_calibrated_t1_nex12_path_sweep_k90_steps48_direct_ref1200_paths1200000_table.csv,0.186988
path_48,OTM put,90,48,2000,hybrid,D:\Mara PhD\Paper-C\To be deleted\full_numerical_studies\bgk_r02_calibrated_t1_nex12\results\reference_values\path_sweep\bgk_r02_calibrated_t1_nex12_path_sweep_k90_steps48_direct_ref1200_paths1200000_table.csv,5.480768
path_48,OTM put,90,48,5000,benchmark,D:\Mara PhD\Paper-C\To be deleted\full_numerical_studies\bgk_r02_calibrated_t1_nex12\results\reference_values\path_sweep\bgk_r02_calibrated_t1_nex12_path_sweep_k90_steps48_direct_ref1200_paths1200000_table.csv,0.194849
path_48,OTM put,90,48,5000,hybrid,D:\Mara PhD\Paper-C\To be deleted\full_numerical_studies\bgk_r02_calibrated_t1_nex12\results\reference_values\path_sweep\bgk_r02_calibrated_t1_nex12_path_sweep_k90_steps48_direct_ref1200_paths1200000_table.csv,10.761315
path_48,OTM put,90,48,10000,benchmark,D:\Mara PhD\Paper-C\To be deleted\full_numerical_studies\bgk_r02_calibrated_t1_nex12\results\reference_values\path_sweep\bgk_r02_calibrated_t1_nex12_path_sweep_k90_steps48_direct_ref1200_paths1200000_table.csv,0.228506
path_48,OTM put,90,48,10000,hybrid,D:\Mara PhD\Paper-C\To be deleted\full_numerical_studies\bgk_r02_calibrated_t1_nex12\results\reference_values\path_sweep\bgk_r02_calibrated_t1_nex12_path_sweep_k90_steps48_direct_ref1200_paths1200000_table.csv,19.621935
path_48,OTM put,90,48,20000,benchmark,D:\Mara PhD\Paper-C\To be deleted\full_numerical_studies\bgk_r02_calibrated_t1_nex12\results\reference_values\path_sweep\bgk_r02_calibrated_t1_nex12_path_sweep_k90_steps48_direct_ref1200_paths1200000_table.csv,0.277853
path_48,OTM put,90,48,20000,hybrid,D:\Mara PhD\Paper-C\To be deleted\full_numerical_studies\bgk_r02_calibrated_t1_nex12\results\reference_values\path_sweep\bgk_r02_calibrated_t1_nex12_path_sweep_k90_steps48_direct_ref1200_paths1200000_table.csv,37.317363
path_48,OTM put,90,48,40000,benchmark,D:\Mara PhD\Paper-C\To be deleted\full_numerical_studies\bgk_r02_calibrated_t1_nex12\results\reference_values\path_sweep\bgk_r02_calibrated_t1_nex12_path_sweep_k90_steps48_direct_ref1200_paths1200000_table.csv,0.409051
path_48,OTM put,90,48,40000,hybrid,D:\Mara PhD\Paper-C\To be deleted\full_numerical_studies\bgk_r02_calibrated_t1_nex12\results\reference_values\path_sweep\bgk_r02_calibrated_t1_nex12_path_sweep_k90_steps48_direct_ref1200_paths1200000_table.csv,72.688485
path_48,OTM put,90,48,60000,benchmark,D:\Mara PhD\Paper-C\To be deleted\full_numerical_studies\bgk_r02_calibrated_t1_nex12\results\reference_values\path_sweep\bgk_r02_calibrated_t1_nex12_path_sweep_k90_steps48_direct_ref1200_paths1200000_table.csv,0.541944
path_48,OTM put,90,48,60000,hybrid,D:\Mara PhD\Paper-C\To be deleted\full_numerical_studies\bgk_r02_calibrated_t1_nex12\results\reference_values\path_sweep\bgk_r02_calibrated_t1_nex12_path_sweep_k90_steps48_direct_ref1200_paths1200000_table.csv,108.089234
path_48,ATM,100,48,250,benchmark,D:\Mara PhD\Paper-C\To be deleted\full_numerical_studies\bgk_r02_calibrated_t1_nex12\results\reference_values\path_sweep\bgk_r02_calibrated_t1_nex12_path_sweep_k100_steps48_direct_ref1200_paths1200000_table.csv,0.169776
path_48,ATM,100,48,250,hybrid,D:\Mara PhD\Paper-C\To be deleted\full_numerical_studies\bgk_r02_calibrated_t1_nex12\results\reference_values\path_sweep\bgk_r02_calibrated_t1_nex12_path_sweep_k100_steps48_direct_ref1200_paths1200000_table.csv,1.045609
path_48,ATM,100,48,500,benchmark,D:\Mara PhD\Paper-C\To be deleted\full_numerical_studies\bgk_r02_calibrated_t1_nex12\results\reference_values\path_sweep\bgk_r02_calibrated_t1_nex12_path_sweep_k100_steps48_direct_ref1200_paths1200000_table.csv,0.172536
path_48,ATM,100,48,500,hybrid,D:\Mara PhD\Paper-C\To be deleted\full_numerical_studies\bgk_r02_calibrated_t1_nex12\results\reference_values\path_sweep\bgk_r02_calibrated_t1_nex12_path_sweep_k100_steps48_direct_ref1200_paths1200000_table.csv,1.921889
path_48,ATM,100,48,1000,benchmark,D:\Mara PhD\Paper-C\To be deleted\full_numerical_studies\bgk_r02_calibrated_t1_nex12\results\reference_values\path_sweep\bgk_r02_calibrated_t1_nex12_path_sweep_k100_steps48_direct_ref1200_paths1200000_table.csv,0.174133
path_48,ATM,100,48,1000,hybrid,D:\Mara PhD\Paper-C\To be deleted\full_numerical_studies\bgk_r02_calibrated_t1_nex12\results\reference_values\path_sweep\bgk_r02_calibrated_t1_nex12_path_sweep_k100_steps48_direct_ref1200_paths1200000_table.csv,3.710202
path_48,ATM,100,48,2000,benchmark,D:\Mara PhD\Paper-C\To be deleted\full_numerical_studies\bgk_r02_calibrated_t1_nex12\results\reference_values\path_sweep\bgk_r02_calibrated_t1_nex12_path_sweep_k100_steps48_direct_ref1200_paths1200000_table.csv,0.180117
path_48,ATM,100,48,2000,hybrid,D:\Mara PhD\Paper-C\To be deleted\full_numerical_studies\bgk_r02_calibrated_t1_nex12\results\reference_values\path_sweep\bgk_r02_calibrated_t1_nex12_path_sweep_k100_steps48_direct_ref1200_paths1200000_table.csv,5.484486
path_48,ATM,100,48,5000,benchmark,D:\Mara PhD\Paper-C\To be deleted\full_numerical_studies\bgk_r02_calibrated_t1_nex12\results\reference_values\path_sweep\bgk_r02_calibrated_t1_nex12_path_sweep_k100_steps48_direct_ref1200_paths1200000_table.csv,0.201761
path_48,ATM,100,48,5000,hybrid,D:\Mara PhD\Paper-C\To be deleted\full_numerical_studies\bgk_r02_calibrated_t1_nex12\results\reference_values\path_sweep\bgk_r02_calibrated_t1_nex12_path_sweep_k100_steps48_direct_ref1200_paths1200000_table.csv,10.784489
path_48,ATM,100,48,10000,benchmark,D:\Mara PhD\Paper-C\To be deleted\full_numerical_studies\bgk_r02_calibrated_t1_nex12\results\reference_values\path_sweep\bgk_r02_calibrated_t1_nex12_path_sweep_k100_steps48_direct_ref1200_paths1200000_table.csv,0.221441
path_48,ATM,100,48,10000,hybrid,D:\Mara PhD\Paper-C\To be deleted\full_numerical_studies\bgk_r02_calibrated_t1_nex12\results\reference_values\path_sweep\bgk_r02_calibrated_t1_nex12_path_sweep_k100_steps48_direct_ref1200_paths1200000_table.csv,19.683381
path_48,ATM,100,48,20000,benchmark,D:\Mara PhD\Paper-C\To be deleted\full_numerical_studies\bgk_r02_calibrated_t1_nex12\results\reference_values\path_sweep\bgk_r02_calibrated_t1_nex12_path_sweep_k100_steps48_direct_ref1200_paths1200000_table.csv,0.271564
path_48,ATM,100,48,20000,hybrid,D:\Mara PhD\Paper-C\To be deleted\full_numerical_studies\bgk_r02_calibrated_t1_nex12\results\reference_values\path_sweep\bgk_r02_calibrated_t1_nex12_path_sweep_k100_steps48_direct_ref1200_paths1200000_table.csv,37.257668
path_48,ATM,100,48,40000,benchmark,D:\Mara PhD\Paper-C\To be deleted\full_numerical_studies\bgk_r02_calibrated_t1_nex12\results\reference_values\path_sweep\bgk_r02_calibrated_t1_nex12_path_sweep_k100_steps48_direct_ref1200_paths1200000_table.csv,0.400238
path_48,ATM,100,48,40000,hybrid,D:\Mara PhD\Paper-C\To be deleted\full_numerical_studies\bgk_r02_calibrated_t1_nex12\results\reference_values\path_sweep\bgk_r02_calibrated_t1_nex12_path_sweep_k100_steps48_direct_ref1200_paths1200000_table.csv,72.705827
path_48,ATM,100,48,60000,benchmark,D:\Mara PhD\Paper-C\To be deleted\full_numerical_studies\bgk_r02_calibrated_t1_nex12\results\reference_values\path_sweep\bgk_r02_calibrated_t1_nex12_path_sweep_k100_steps48_direct_ref1200_paths1200000_table.csv,0.541166
path_48,ATM,100,48,60000,hybrid,D:\Mara PhD\Paper-C\To be deleted\full_numerical_studies\bgk_r02_calibrated_t1_nex12\results\reference_values\path_sweep\bgk_r02_calibrated_t1_nex12_path_sweep_k100_steps48_direct_ref1200_paths1200000_table.csv,107.731596
path_48,ITM put,110,48,250,benchmark,D:\Mara PhD\Paper-C\To be deleted\full_numerical_studies\bgk_r02_calibrated_t1_nex12\results\reference_values\path_sweep\bgk_r02_calibrated_t1_nex12_path_sweep_k110_steps48_direct_ref1200_paths1200000_table.csv,0.171490
path_48,ITM put,110,48,250,hybrid,D:\Mara PhD\Paper-C\To be deleted\full_numerical_studies\bgk_r02_calibrated_t1_nex12\results\reference_values\path_sweep\bgk_r02_calibrated_t1_nex12_path_sweep_k110_steps48_direct_ref1200_paths1200000_table.csv,1.042356
path_48,ITM put,110,48,500,benchmark,D:\Mara PhD\Paper-C\To be deleted\full_numerical_studies\bgk_r02_calibrated_t1_nex12\results\reference_values\path_sweep\bgk_r02_calibrated_t1_nex12_path_sweep_k110_steps48_direct_ref1200_paths1200000_table.csv,0.179879
path_48,ITM put,110,48,500,hybrid,D:\Mara PhD\Paper-C\To be deleted\full_numerical_studies\bgk_r02_calibrated_t1_nex12\results\reference_values\path_sweep\bgk_r02_calibrated_t1_nex12_path_sweep_k110_steps48_direct_ref1200_paths1200000_table.csv,1.929613
path_48,ITM put,110,48,1000,benchmark,D:\Mara PhD\Paper-C\To be deleted\full_numerical_studies\bgk_r02_calibrated_t1_nex12\results\reference_values\path_sweep\bgk_r02_calibrated_t1_nex12_path_sweep_k110_steps48_direct_ref1200_paths1200000_table.csv,0.178829
path_48,ITM put,110,48,1000,hybrid,D:\Mara PhD\Paper-C\To be deleted\full_numerical_studies\bgk_r02_calibrated_t1_nex12\results\reference_values\path_sweep\bgk_r02_calibrated_t1_nex12_path_sweep_k110_steps48_direct_ref1200_paths1200000_table.csv,3.700412
path_48,ITM put,110,48,2000,benchmark,D:\Mara PhD\Paper-C\To be deleted\full_numerical_studies\bgk_r02_calibrated_t1_nex12\results\reference_values\path_sweep\bgk_r02_calibrated_t1_nex12_path_sweep_k110_steps48_direct_ref1200_paths1200000_table.csv,0.175433
path_48,ITM put,110,48,2000,hybrid,D:\Mara PhD\Paper-C\To be deleted\full_numerical_studies\bgk_r02_calibrated_t1_nex12\results\reference_values\path_sweep\bgk_r02_calibrated_t1_nex12_path_sweep_k110_steps48_direct_ref1200_paths1200000_table.csv,5.467023
path_48,ITM put,110,48,5000,benchmark,D:\Mara PhD\Paper-C\To be deleted\full_numerical_studies\bgk_r02_calibrated_t1_nex12\results\reference_values\path_sweep\bgk_r02_calibrated_t1_nex12_path_sweep_k110_steps48_direct_ref1200_paths1200000_table.csv,0.195239
path_48,ITM put,110,48,5000,hybrid,D:\Mara PhD\Paper-C\To be deleted\full_numerical_studies\bgk_r02_calibrated_t1_nex12\results\reference_values\path_sweep\bgk_r02_calibrated_t1_nex12_path_sweep_k110_steps48_direct_ref1200_paths1200000_table.csv,10.755525
path_48,ITM put,110,48,10000,benchmark,D:\Mara PhD\Paper-C\To be deleted\full_numerical_studies\bgk_r02_calibrated_t1_nex12\results\reference_values\path_sweep\bgk_r02_calibrated_t1_nex12_path_sweep_k110_steps48_direct_ref1200_paths1200000_table.csv,0.222639
path_48,ITM put,110,48,10000,hybrid,D:\Mara PhD\Paper-C\To be deleted\full_numerical_studies\bgk_r02_calibrated_t1_nex12\results\reference_values\path_sweep\bgk_r02_calibrated_t1_nex12_path_sweep_k110_steps48_direct_ref1200_paths1200000_table.csv,19.658583
path_48,ITM put,110,48,20000,benchmark,D:\Mara PhD\Paper-C\To be deleted\full_numerical_studies\bgk_r02_calibrated_t1_nex12\results\reference_values\path_sweep\bgk_r02_calibrated_t1_nex12_path_sweep_k110_steps48_direct_ref1200_paths1200000_table.csv,0.285113
path_48,ITM put,110,48,20000,hybrid,D:\Mara PhD\Paper-C\To be deleted\full_numerical_studies\bgk_r02_calibrated_t1_nex12\results\reference_values\path_sweep\bgk_r02_calibrated_t1_nex12_path_sweep_k110_steps48_direct_ref1200_paths1200000_table.csv,37.124760
path_48,ITM put,110,48,40000,benchmark,D:\Mara PhD\Paper-C\To be deleted\full_numerical_studies\bgk_r02_calibrated_t1_nex12\results\reference_values\path_sweep\bgk_r02_calibrated_t1_nex12_path_sweep_k110_steps48_direct_ref1200_paths1200000_table.csv,0.408034
path_48,ITM put,110,48,40000,hybrid,D:\Mara PhD\Paper-C\To be deleted\full_numerical_studies\bgk_r02_calibrated_t1_nex12\results\reference_values\path_sweep\bgk_r02_calibrated_t1_nex12_path_sweep_k110_steps48_direct_ref1200_paths1200000_table.csv,72.692050
path_48,ITM put,110,48,60000,benchmark,D:\Mara PhD\Paper-C\To be deleted\full_numerical_studies\bgk_r02_calibrated_t1_nex12\results\reference_values\path_sweep\bgk_r02_calibrated_t1_nex12_path_sweep_k110_steps48_direct_ref1200_paths1200000_table.csv,0.540365
path_48,ITM put,110,48,60000,hybrid,D:\Mara PhD\Paper-C\To be deleted\full_numerical_studies\bgk_r02_calibrated_t1_nex12\results\reference_values\path_sweep\bgk_r02_calibrated_t1_nex12_path_sweep_k110_steps48_direct_ref1200_paths1200000_table.csv,108.065262
path_60,K=70 put,70,60,250,benchmark,D:\Mara PhD\Paper-C\To be deleted\full_numerical_studies\bgk_r02_calibrated_t1_nex12\results\reference_values\path_sweep\bgk_r02_calibrated_t1_nex12_path_sweep_k70_steps60_direct_ref1200_paths1200000_table.csv,0.185332
path_60,K=70 put,70,60,250,hybrid,D:\Mara PhD\Paper-C\To be deleted\full_numerical_studies\bgk_r02_calibrated_t1_nex12\results\reference_values\path_sweep\bgk_r02_calibrated_t1_nex12_path_sweep_k70_steps60_direct_ref1200_paths1200000_table.csv,1.032894
path_60,K=70 put,70,60,500,benchmark,D:\Mara PhD\Paper-C\To be deleted\full_numerical_studies\bgk_r02_calibrated_t1_nex12\results\reference_values\path_sweep\bgk_r02_calibrated_t1_nex12_path_sweep_k70_steps60_direct_ref1200_paths1200000_table.csv,0.169392
path_60,K=70 put,70,60,500,hybrid,D:\Mara PhD\Paper-C\To be deleted\full_numerical_studies\bgk_r02_calibrated_t1_nex12\results\reference_values\path_sweep\bgk_r02_calibrated_t1_nex12_path_sweep_k70_steps60_direct_ref1200_paths1200000_table.csv,1.921586
path_60,K=70 put,70,60,1000,benchmark,D:\Mara PhD\Paper-C\To be deleted\full_numerical_studies\bgk_r02_calibrated_t1_nex12\results\reference_values\path_sweep\bgk_r02_calibrated_t1_nex12_path_sweep_k70_steps60_direct_ref1200_paths1200000_table.csv,0.175444
path_60,K=70 put,70,60,1000,hybrid,D:\Mara PhD\Paper-C\To be deleted\full_numerical_studies\bgk_r02_calibrated_t1_nex12\results\reference_values\path_sweep\bgk_r02_calibrated_t1_nex12_path_sweep_k70_steps60_direct_ref1200_paths1200000_table.csv,3.702419
path_60,K=70 put,70,60,2000,benchmark,D:\Mara PhD\Paper-C\To be deleted\full_numerical_studies\bgk_r02_calibrated_t1_nex12\results\reference_values\path_sweep\bgk_r02_calibrated_t1_nex12_path_sweep_k70_steps60_direct_ref1200_paths1200000_table.csv,0.178527
path_60,K=70 put,70,60,2000,hybrid,D:\Mara PhD\Paper-C\To be deleted\full_numerical_studies\bgk_r02_calibrated_t1_nex12\results\reference_values\path_sweep\bgk_r02_calibrated_t1_nex12_path_sweep_k70_steps60_direct_ref1200_paths1200000_table.csv,5.534815
path_60,K=70 put,70,60,5000,benchmark,D:\Mara PhD\Paper-C\To be deleted\full_numerical_studies\bgk_r02_calibrated_t1_nex12\results\reference_values\path_sweep\bgk_r02_calibrated_t1_nex12_path_sweep_k70_steps60_direct_ref1200_paths1200000_table.csv,0.210373
path_60,K=70 put,70,60,5000,hybrid,D:\Mara PhD\Paper-C\To be deleted\full_numerical_studies\bgk_r02_calibrated_t1_nex12\results\reference_values\path_sweep\bgk_r02_calibrated_t1_nex12_path_sweep_k70_steps60_direct_ref1200_paths1200000_table.csv,10.749928
path_60,K=70 put,70,60,10000,benchmark,D:\Mara PhD\Paper-C\To be deleted\full_numerical_studies\bgk_r02_calibrated_t1_nex12\results\reference_values\path_sweep\bgk_r02_calibrated_t1_nex12_path_sweep_k70_steps60_direct_ref1200_paths1200000_table.csv,0.235793
path_60,K=70 put,70,60,10000,hybrid,D:\Mara PhD\Paper-C\To be deleted\full_numerical_studies\bgk_r02_calibrated_t1_nex12\results\reference_values\path_sweep\bgk_r02_calibrated_t1_nex12_path_sweep_k70_steps60_direct_ref1200_paths1200000_table.csv,19.594077
path_60,K=70 put,70,60,20000,benchmark,D:\Mara PhD\Paper-C\To be deleted\full_numerical_studies\bgk_r02_calibrated_t1_nex12\results\reference_values\path_sweep\bgk_r02_calibrated_t1_nex12_path_sweep_k70_steps60_direct_ref1200_paths1200000_table.csv,0.296855
path_60,K=70 put,70,60,20000,hybrid,D:\Mara PhD\Paper-C\To be deleted\full_numerical_studies\bgk_r02_calibrated_t1_nex12\results\reference_values\path_sweep\bgk_r02_calibrated_t1_nex12_path_sweep_k70_steps60_direct_ref1200_paths1200000_table.csv,37.539082
path_60,K=70 put,70,60,40000,benchmark,D:\Mara PhD\Paper-C\To be deleted\full_numerical_studies\bgk_r02_calibrated_t1_nex12\results\reference_values\path_sweep\bgk_r02_calibrated_t1_nex12_path_sweep_k70_steps60_direct_ref1200_paths1200000_table.csv,0.458153
path_60,K=70 put,70,60,40000,hybrid,D:\Mara PhD\Paper-C\To be deleted\full_numerical_studies\bgk_r02_calibrated_t1_nex12\results\reference_values\path_sweep\bgk_r02_calibrated_t1_nex12_path_sweep_k70_steps60_direct_ref1200_paths1200000_table.csv,72.742571
path_60,K=70 put,70,60,60000,benchmark,D:\Mara PhD\Paper-C\To be deleted\full_numerical_studies\bgk_r02_calibrated_t1_nex12\results\reference_values\path_sweep\bgk_r02_calibrated_t1_nex12_path_sweep_k70_steps60_direct_ref1200_paths1200000_table.csv,0.593680
path_60,K=70 put,70,60,60000,hybrid,D:\Mara PhD\Paper-C\To be deleted\full_numerical_studies\bgk_r02_calibrated_t1_nex12\results\reference_values\path_sweep\bgk_r02_calibrated_t1_nex12_path_sweep_k70_steps60_direct_ref1200_paths1200000_table.csv,108.006710
path_60,K=80 put,80,60,250,benchmark,D:\Mara PhD\Paper-C\To be deleted\full_numerical_studies\bgk_r02_calibrated_t1_nex12\results\reference_values\path_sweep\bgk_r02_calibrated_t1_nex12_path_sweep_k80_steps60_direct_ref1200_paths1200000_table.csv,0.194717
path_60,K=80 put,80,60,250,hybrid,D:\Mara PhD\Paper-C\To be deleted\full_numerical_studies\bgk_r02_calibrated_t1_nex12\results\reference_values\path_sweep\bgk_r02_calibrated_t1_nex12_path_sweep_k80_steps60_direct_ref1200_paths1200000_table.csv,1.054097
path_60,K=80 put,80,60,500,benchmark,D:\Mara PhD\Paper-C\To be deleted\full_numerical_studies\bgk_r02_calibrated_t1_nex12\results\reference_values\path_sweep\bgk_r02_calibrated_t1_nex12_path_sweep_k80_steps60_direct_ref1200_paths1200000_table.csv,0.171906
path_60,K=80 put,80,60,500,hybrid,D:\Mara PhD\Paper-C\To be deleted\full_numerical_studies\bgk_r02_calibrated_t1_nex12\results\reference_values\path_sweep\bgk_r02_calibrated_t1_nex12_path_sweep_k80_steps60_direct_ref1200_paths1200000_table.csv,2.114849
path_60,K=80 put,80,60,1000,benchmark,D:\Mara PhD\Paper-C\To be deleted\full_numerical_studies\bgk_r02_calibrated_t1_nex12\results\reference_values\path_sweep\bgk_r02_calibrated_t1_nex12_path_sweep_k80_steps60_direct_ref1200_paths1200000_table.csv,0.176290
path_60,K=80 put,80,60,1000,hybrid,D:\Mara PhD\Paper-C\To be deleted\full_numerical_studies\bgk_r02_calibrated_t1_nex12\results\reference_values\path_sweep\bgk_r02_calibrated_t1_nex12_path_sweep_k80_steps60_direct_ref1200_paths1200000_table.csv,3.710772
path_60,K=80 put,80,60,2000,benchmark,D:\Mara PhD\Paper-C\To be deleted\full_numerical_studies\bgk_r02_calibrated_t1_nex12\results\reference_values\path_sweep\bgk_r02_calibrated_t1_nex12_path_sweep_k80_steps60_direct_ref1200_paths1200000_table.csv,0.181790
path_60,K=80 put,80,60,2000,hybrid,D:\Mara PhD\Paper-C\To be deleted\full_numerical_studies\bgk_r02_calibrated_t1_nex12\results\reference_values\path_sweep\bgk_r02_calibrated_t1_nex12_path_sweep_k80_steps60_direct_ref1200_paths1200000_table.csv,5.470399
path_60,K=80 put,80,60,5000,benchmark,D:\Mara PhD\Paper-C\To be deleted\full_numerical_studies\bgk_r02_calibrated_t1_nex12\results\reference_values\path_sweep\bgk_r02_calibrated_t1_nex12_path_sweep_k80_steps60_direct_ref1200_paths1200000_table.csv,0.202804
path_60,K=80 put,80,60,5000,hybrid,D:\Mara PhD\Paper-C\To be deleted\full_numerical_studies\bgk_r02_calibrated_t1_nex12\results\reference_values\path_sweep\bgk_r02_calibrated_t1_nex12_path_sweep_k80_steps60_direct_ref1200_paths1200000_table.csv,10.700917
path_60,K=80 put,80,60,10000,benchmark,D:\Mara PhD\Paper-C\To be deleted\full_numerical_studies\bgk_r02_calibrated_t1_nex12\results\reference_values\path_sweep\bgk_r02_calibrated_t1_nex12_path_sweep_k80_steps60_direct_ref1200_paths1200000_table.csv,0.249308
path_60,K=80 put,80,60,10000,hybrid,D:\Mara PhD\Paper-C\To be deleted\full_numerical_studies\bgk_r02_calibrated_t1_nex12\results\reference_values\path_sweep\bgk_r02_calibrated_t1_nex12_path_sweep_k80_steps60_direct_ref1200_paths1200000_table.csv,19.650776
path_60,K=80 put,80,60,20000,benchmark,D:\Mara PhD\Paper-C\To be deleted\full_numerical_studies\bgk_r02_calibrated_t1_nex12\results\reference_values\path_sweep\bgk_r02_calibrated_t1_nex12_path_sweep_k80_steps60_direct_ref1200_paths1200000_table.csv,0.284508
path_60,K=80 put,80,60,20000,hybrid,D:\Mara PhD\Paper-C\To be deleted\full_numerical_studies\bgk_r02_calibrated_t1_nex12\results\reference_values\path_sweep\bgk_r02_calibrated_t1_nex12_path_sweep_k80_steps60_direct_ref1200_paths1200000_table.csv,37.241113
path_60,K=80 put,80,60,40000,benchmark,D:\Mara PhD\Paper-C\To be deleted\full_numerical_studies\bgk_r02_calibrated_t1_nex12\results\reference_values\path_sweep\bgk_r02_calibrated_t1_nex12_path_sweep_k80_steps60_direct_ref1200_paths1200000_table.csv,0.445805
path_60,K=80 put,80,60,40000,hybrid,D:\Mara PhD\Paper-C\To be deleted\full_numerical_studies\bgk_r02_calibrated_t1_nex12\results\reference_values\path_sweep\bgk_r02_calibrated_t1_nex12_path_sweep_k80_steps60_direct_ref1200_paths1200000_table.csv,72.731076
path_60,K=80 put,80,60,60000,benchmark,D:\Mara PhD\Paper-C\To be deleted\full_numerical_studies\bgk_r02_calibrated_t1_nex12\results\reference_values\path_sweep\bgk_r02_calibrated_t1_nex12_path_sweep_k80_steps60_direct_ref1200_paths1200000_table.csv,0.598203
path_60,K=80 put,80,60,60000,hybrid,D:\Mara PhD\Paper-C\To be deleted\full_numerical_studies\bgk_r02_calibrated_t1_nex12\results\reference_values\path_sweep\bgk_r02_calibrated_t1_nex12_path_sweep_k80_steps60_direct_ref1200_paths1200000_table.csv,108.066042
path_60,OTM put,90,60,250,benchmark,D:\Mara PhD\Paper-C\To be deleted\full_numerical_studies\bgk_r02_calibrated_t1_nex12\results\reference_values\path_sweep\bgk_r02_calibrated_t1_nex12_path_sweep_k90_steps60_direct_ref1200_paths1200000_table.csv,0.173252
path_60,OTM put,90,60,250,hybrid,D:\Mara PhD\Paper-C\To be deleted\full_numerical_studies\bgk_r02_calibrated_t1_nex12\results\reference_values\path_sweep\bgk_r02_calibrated_t1_nex12_path_sweep_k90_steps60_direct_ref1200_paths1200000_table.csv,1.040798
path_60,OTM put,90,60,500,benchmark,D:\Mara PhD\Paper-C\To be deleted\full_numerical_studies\bgk_r02_calibrated_t1_nex12\results\reference_values\path_sweep\bgk_r02_calibrated_t1_nex12_path_sweep_k90_steps60_direct_ref1200_paths1200000_table.csv,0.171623
path_60,OTM put,90,60,500,hybrid,D:\Mara PhD\Paper-C\To be deleted\full_numerical_studies\bgk_r02_calibrated_t1_nex12\results\reference_values\path_sweep\bgk_r02_calibrated_t1_nex12_path_sweep_k90_steps60_direct_ref1200_paths1200000_table.csv,1.922221
path_60,OTM put,90,60,1000,benchmark,D:\Mara PhD\Paper-C\To be deleted\full_numerical_studies\bgk_r02_calibrated_t1_nex12\results\reference_values\path_sweep\bgk_r02_calibrated_t1_nex12_path_sweep_k90_steps60_direct_ref1200_paths1200000_table.csv,0.177916
path_60,OTM put,90,60,1000,hybrid,D:\Mara PhD\Paper-C\To be deleted\full_numerical_studies\bgk_r02_calibrated_t1_nex12\results\reference_values\path_sweep\bgk_r02_calibrated_t1_nex12_path_sweep_k90_steps60_direct_ref1200_paths1200000_table.csv,3.705199
path_60,OTM put,90,60,2000,benchmark,D:\Mara PhD\Paper-C\To be deleted\full_numerical_studies\bgk_r02_calibrated_t1_nex12\results\reference_values\path_sweep\bgk_r02_calibrated_t1_nex12_path_sweep_k90_steps60_direct_ref1200_paths1200000_table.csv,0.196341
path_60,OTM put,90,60,2000,hybrid,D:\Mara PhD\Paper-C\To be deleted\full_numerical_studies\bgk_r02_calibrated_t1_nex12\results\reference_values\path_sweep\bgk_r02_calibrated_t1_nex12_path_sweep_k90_steps60_direct_ref1200_paths1200000_table.csv,5.480800
path_60,OTM put,90,60,5000,benchmark,D:\Mara PhD\Paper-C\To be deleted\full_numerical_studies\bgk_r02_calibrated_t1_nex12\results\reference_values\path_sweep\bgk_r02_calibrated_t1_nex12_path_sweep_k90_steps60_direct_ref1200_paths1200000_table.csv,0.201473
path_60,OTM put,90,60,5000,hybrid,D:\Mara PhD\Paper-C\To be deleted\full_numerical_studies\bgk_r02_calibrated_t1_nex12\results\reference_values\path_sweep\bgk_r02_calibrated_t1_nex12_path_sweep_k90_steps60_direct_ref1200_paths1200000_table.csv,10.802223
path_60,OTM put,90,60,10000,benchmark,D:\Mara PhD\Paper-C\To be deleted\full_numerical_studies\bgk_r02_calibrated_t1_nex12\results\reference_values\path_sweep\bgk_r02_calibrated_t1_nex12_path_sweep_k90_steps60_direct_ref1200_paths1200000_table.csv,0.231178
path_60,OTM put,90,60,10000,hybrid,D:\Mara PhD\Paper-C\To be deleted\full_numerical_studies\bgk_r02_calibrated_t1_nex12\results\reference_values\path_sweep\bgk_r02_calibrated_t1_nex12_path_sweep_k90_steps60_direct_ref1200_paths1200000_table.csv,19.654230
path_60,OTM put,90,60,20000,benchmark,D:\Mara PhD\Paper-C\To be deleted\full_numerical_studies\bgk_r02_calibrated_t1_nex12\results\reference_values\path_sweep\bgk_r02_calibrated_t1_nex12_path_sweep_k90_steps60_direct_ref1200_paths1200000_table.csv,0.305816
path_60,OTM put,90,60,20000,hybrid,D:\Mara PhD\Paper-C\To be deleted\full_numerical_studies\bgk_r02_calibrated_t1_nex12\results\reference_values\path_sweep\bgk_r02_calibrated_t1_nex12_path_sweep_k90_steps60_direct_ref1200_paths1200000_table.csv,37.339079
path_60,OTM put,90,60,40000,benchmark,D:\Mara PhD\Paper-C\To be deleted\full_numerical_studies\bgk_r02_calibrated_t1_nex12\results\reference_values\path_sweep\bgk_r02_calibrated_t1_nex12_path_sweep_k90_steps60_direct_ref1200_paths1200000_table.csv,0.446299
path_60,OTM put,90,60,40000,hybrid,D:\Mara PhD\Paper-C\To be deleted\full_numerical_studies\bgk_r02_calibrated_t1_nex12\results\reference_values\path_sweep\bgk_r02_calibrated_t1_nex12_path_sweep_k90_steps60_direct_ref1200_paths1200000_table.csv,72.560601
path_60,OTM put,90,60,60000,benchmark,D:\Mara PhD\Paper-C\To be deleted\full_numerical_studies\bgk_r02_calibrated_t1_nex12\results\reference_values\path_sweep\bgk_r02_calibrated_t1_nex12_path_sweep_k90_steps60_direct_ref1200_paths1200000_table.csv,0.596500
path_60,OTM put,90,60,60000,hybrid,D:\Mara PhD\Paper-C\To be deleted\full_numerical_studies\bgk_r02_calibrated_t1_nex12\results\reference_values\path_sweep\bgk_r02_calibrated_t1_nex12_path_sweep_k90_steps60_direct_ref1200_paths1200000_table.csv,113.686249
path_60,ATM,100,60,250,benchmark,D:\Mara PhD\Paper-C\To be deleted\full_numerical_studies\bgk_r02_calibrated_t1_nex12\results\reference_values\path_sweep\bgk_r02_calibrated_t1_nex12_path_sweep_k100_steps60_direct_ref1200_paths1200000_table.csv,0.177622
path_60,ATM,100,60,250,hybrid,D:\Mara PhD\Paper-C\To be deleted\full_numerical_studies\bgk_r02_calibrated_t1_nex12\results\reference_values\path_sweep\bgk_r02_calibrated_t1_nex12_path_sweep_k100_steps60_direct_ref1200_paths1200000_table.csv,1.054521
path_60,ATM,100,60,500,benchmark,D:\Mara PhD\Paper-C\To be deleted\full_numerical_studies\bgk_r02_calibrated_t1_nex12\results\reference_values\path_sweep\bgk_r02_calibrated_t1_nex12_path_sweep_k100_steps60_direct_ref1200_paths1200000_table.csv,0.171535
path_60,ATM,100,60,500,hybrid,D:\Mara PhD\Paper-C\To be deleted\full_numerical_studies\bgk_r02_calibrated_t1_nex12\results\reference_values\path_sweep\bgk_r02_calibrated_t1_nex12_path_sweep_k100_steps60_direct_ref1200_paths1200000_table.csv,1.925767
path_60,ATM,100,60,1000,benchmark,D:\Mara PhD\Paper-C\To be deleted\full_numerical_studies\bgk_r02_calibrated_t1_nex12\results\reference_values\path_sweep\bgk_r02_calibrated_t1_nex12_path_sweep_k100_steps60_direct_ref1200_paths1200000_table.csv,0.175064
path_60,ATM,100,60,1000,hybrid,D:\Mara PhD\Paper-C\To be deleted\full_numerical_studies\bgk_r02_calibrated_t1_nex12\results\reference_values\path_sweep\bgk_r02_calibrated_t1_nex12_path_sweep_k100_steps60_direct_ref1200_paths1200000_table.csv,3.702534
path_60,ATM,100,60,2000,benchmark,D:\Mara PhD\Paper-C\To be deleted\full_numerical_studies\bgk_r02_calibrated_t1_nex12\results\reference_values\path_sweep\bgk_r02_calibrated_t1_nex12_path_sweep_k100_steps60_direct_ref1200_paths1200000_table.csv,0.180184
path_60,ATM,100,60,2000,hybrid,D:\Mara PhD\Paper-C\To be deleted\full_numerical_studies\bgk_r02_calibrated_t1_nex12\results\reference_values\path_sweep\bgk_r02_calibrated_t1_nex12_path_sweep_k100_steps60_direct_ref1200_paths1200000_table.csv,5.546969
path_60,ATM,100,60,5000,benchmark,D:\Mara PhD\Paper-C\To be deleted\full_numerical_studies\bgk_r02_calibrated_t1_nex12\results\reference_values\path_sweep\bgk_r02_calibrated_t1_nex12_path_sweep_k100_steps60_direct_ref1200_paths1200000_table.csv,0.202027
path_60,ATM,100,60,5000,hybrid,D:\Mara PhD\Paper-C\To be deleted\full_numerical_studies\bgk_r02_calibrated_t1_nex12\results\reference_values\path_sweep\bgk_r02_calibrated_t1_nex12_path_sweep_k100_steps60_direct_ref1200_paths1200000_table.csv,10.864172
path_60,ATM,100,60,10000,benchmark,D:\Mara PhD\Paper-C\To be deleted\full_numerical_studies\bgk_r02_calibrated_t1_nex12\results\reference_values\path_sweep\bgk_r02_calibrated_t1_nex12_path_sweep_k100_steps60_direct_ref1200_paths1200000_table.csv,0.237969
path_60,ATM,100,60,10000,hybrid,D:\Mara PhD\Paper-C\To be deleted\full_numerical_studies\bgk_r02_calibrated_t1_nex12\results\reference_values\path_sweep\bgk_r02_calibrated_t1_nex12_path_sweep_k100_steps60_direct_ref1200_paths1200000_table.csv,19.617455
path_60,ATM,100,60,20000,benchmark,D:\Mara PhD\Paper-C\To be deleted\full_numerical_studies\bgk_r02_calibrated_t1_nex12\results\reference_values\path_sweep\bgk_r02_calibrated_t1_nex12_path_sweep_k100_steps60_direct_ref1200_paths1200000_table.csv,0.300058
path_60,ATM,100,60,20000,hybrid,D:\Mara PhD\Paper-C\To be deleted\full_numerical_studies\bgk_r02_calibrated_t1_nex12\results\reference_values\path_sweep\bgk_r02_calibrated_t1_nex12_path_sweep_k100_steps60_direct_ref1200_paths1200000_table.csv,37.506529
path_60,ATM,100,60,40000,benchmark,D:\Mara PhD\Paper-C\To be deleted\full_numerical_studies\bgk_r02_calibrated_t1_nex12\results\reference_values\path_sweep\bgk_r02_calibrated_t1_nex12_path_sweep_k100_steps60_direct_ref1200_paths1200000_table.csv,0.484823
path_60,ATM,100,60,40000,hybrid,D:\Mara PhD\Paper-C\To be deleted\full_numerical_studies\bgk_r02_calibrated_t1_nex12\results\reference_values\path_sweep\bgk_r02_calibrated_t1_nex12_path_sweep_k100_steps60_direct_ref1200_paths1200000_table.csv,72.837027
path_60,ATM,100,60,60000,benchmark,D:\Mara PhD\Paper-C\To be deleted\full_numerical_studies\bgk_r02_calibrated_t1_nex12\results\reference_values\path_sweep\bgk_r02_calibrated_t1_nex12_path_sweep_k100_steps60_direct_ref1200_paths1200000_table.csv,0.601137
path_60,ATM,100,60,60000,hybrid,D:\Mara PhD\Paper-C\To be deleted\full_numerical_studies\bgk_r02_calibrated_t1_nex12\results\reference_values\path_sweep\bgk_r02_calibrated_t1_nex12_path_sweep_k100_steps60_direct_ref1200_paths1200000_table.csv,108.033166
path_60,ITM put,110,60,250,benchmark,D:\Mara PhD\Paper-C\To be deleted\full_numerical_studies\bgk_r02_calibrated_t1_nex12\results\reference_values\path_sweep\bgk_r02_calibrated_t1_nex12_path_sweep_k110_steps60_direct_ref1200_paths1200000_table.csv,0.179605
path_60,ITM put,110,60,250,hybrid,D:\Mara PhD\Paper-C\To be deleted\full_numerical_studies\bgk_r02_calibrated_t1_nex12\results\reference_values\path_sweep\bgk_r02_calibrated_t1_nex12_path_sweep_k110_steps60_direct_ref1200_paths1200000_table.csv,1.069878
path_60,ITM put,110,60,500,benchmark,D:\Mara PhD\Paper-C\To be deleted\full_numerical_studies\bgk_r02_calibrated_t1_nex12\results\reference_values\path_sweep\bgk_r02_calibrated_t1_nex12_path_sweep_k110_steps60_direct_ref1200_paths1200000_table.csv,0.176752
path_60,ITM put,110,60,500,hybrid,D:\Mara PhD\Paper-C\To be deleted\full_numerical_studies\bgk_r02_calibrated_t1_nex12\results\reference_values\path_sweep\bgk_r02_calibrated_t1_nex12_path_sweep_k110_steps60_direct_ref1200_paths1200000_table.csv,1.922639
path_60,ITM put,110,60,1000,benchmark,D:\Mara PhD\Paper-C\To be deleted\full_numerical_studies\bgk_r02_calibrated_t1_nex12\results\reference_values\path_sweep\bgk_r02_calibrated_t1_nex12_path_sweep_k110_steps60_direct_ref1200_paths1200000_table.csv,0.173962
path_60,ITM put,110,60,1000,hybrid,D:\Mara PhD\Paper-C\To be deleted\full_numerical_studies\bgk_r02_calibrated_t1_nex12\results\reference_values\path_sweep\bgk_r02_calibrated_t1_nex12_path_sweep_k110_steps60_direct_ref1200_paths1200000_table.csv,3.703365
path_60,ITM put,110,60,2000,benchmark,D:\Mara PhD\Paper-C\To be deleted\full_numerical_studies\bgk_r02_calibrated_t1_nex12\results\reference_values\path_sweep\bgk_r02_calibrated_t1_nex12_path_sweep_k110_steps60_direct_ref1200_paths1200000_table.csv,0.186304
path_60,ITM put,110,60,2000,hybrid,D:\Mara PhD\Paper-C\To be deleted\full_numerical_studies\bgk_r02_calibrated_t1_nex12\results\reference_values\path_sweep\bgk_r02_calibrated_t1_nex12_path_sweep_k110_steps60_direct_ref1200_paths1200000_table.csv,5.531584
path_60,ITM put,110,60,5000,benchmark,D:\Mara PhD\Paper-C\To be deleted\full_numerical_studies\bgk_r02_calibrated_t1_nex12\results\reference_values\path_sweep\bgk_r02_calibrated_t1_nex12_path_sweep_k110_steps60_direct_ref1200_paths1200000_table.csv,0.208787
path_60,ITM put,110,60,5000,hybrid,D:\Mara PhD\Paper-C\To be deleted\full_numerical_studies\bgk_r02_calibrated_t1_nex12\results\reference_values\path_sweep\bgk_r02_calibrated_t1_nex12_path_sweep_k110_steps60_direct_ref1200_paths1200000_table.csv,10.760461
path_60,ITM put,110,60,10000,benchmark,D:\Mara PhD\Paper-C\To be deleted\full_numerical_studies\bgk_r02_calibrated_t1_nex12\results\reference_values\path_sweep\bgk_r02_calibrated_t1_nex12_path_sweep_k110_steps60_direct_ref1200_paths1200000_table.csv,0.229136
path_60,ITM put,110,60,10000,hybrid,D:\Mara PhD\Paper-C\To be deleted\full_numerical_studies\bgk_r02_calibrated_t1_nex12\results\reference_values\path_sweep\bgk_r02_calibrated_t1_nex12_path_sweep_k110_steps60_direct_ref1200_paths1200000_table.csv,19.738527
path_60,ITM put,110,60,20000,benchmark,D:\Mara PhD\Paper-C\To be deleted\full_numerical_studies\bgk_r02_calibrated_t1_nex12\results\reference_values\path_sweep\bgk_r02_calibrated_t1_nex12_path_sweep_k110_steps60_direct_ref1200_paths1200000_table.csv,0.284714
path_60,ITM put,110,60,20000,hybrid,D:\Mara PhD\Paper-C\To be deleted\full_numerical_studies\bgk_r02_calibrated_t1_nex12\results\reference_values\path_sweep\bgk_r02_calibrated_t1_nex12_path_sweep_k110_steps60_direct_ref1200_paths1200000_table.csv,37.431041
path_60,ITM put,110,60,40000,benchmark,D:\Mara PhD\Paper-C\To be deleted\full_numerical_studies\bgk_r02_calibrated_t1_nex12\results\reference_values\path_sweep\bgk_r02_calibrated_t1_nex12_path_sweep_k110_steps60_direct_ref1200_paths1200000_table.csv,0.454056
path_60,ITM put,110,60,40000,hybrid,D:\Mara PhD\Paper-C\To be deleted\full_numerical_studies\bgk_r02_calibrated_t1_nex12\results\reference_values\path_sweep\bgk_r02_calibrated_t1_nex12_path_sweep_k110_steps60_direct_ref1200_paths1200000_table.csv,72.594059
path_60,ITM put,110,60,60000,benchmark,D:\Mara PhD\Paper-C\To be deleted\full_numerical_studies\bgk_r02_calibrated_t1_nex12\results\reference_values\path_sweep\bgk_r02_calibrated_t1_nex12_path_sweep_k110_steps60_direct_ref1200_paths1200000_table.csv,0.615788
path_60,ITM put,110,60,60000,hybrid,D:\Mara PhD\Paper-C\To be deleted\full_numerical_studies\bgk_r02_calibrated_t1_nex12\results\reference_values\path_sweep\bgk_r02_calibrated_t1_nex12_path_sweep_k110_steps60_direct_ref1200_paths1200000_table.csv,108.251356
step_20000,K=70 put,70,24,20000,benchmark,D:\Mara PhD\Paper-C\To be deleted\full_numerical_studies\bgk_r02_calibrated_t1_nex12\results\reference_values\bgk_r02_calibrated_t1_nex12_step_sweep_all_ref1200_direct_samepaths20k_s24487296_table.csv,0.250657
step_20000,K=70 put,70,24,20000,hybrid,D:\Mara PhD\Paper-C\To be deleted\full_numerical_studies\bgk_r02_calibrated_t1_nex12\results\reference_values\bgk_r02_calibrated_t1_nex12_step_sweep_all_ref1200_direct_samepaths20k_s24487296_table.csv,40.563656
step_20000,K=70 put,70,48,20000,benchmark,D:\Mara PhD\Paper-C\To be deleted\full_numerical_studies\bgk_r02_calibrated_t1_nex12\results\reference_values\bgk_r02_calibrated_t1_nex12_step_sweep_all_ref1200_direct_samepaths20k_s24487296_table.csv,0.284597
step_20000,K=70 put,70,48,20000,hybrid,D:\Mara PhD\Paper-C\To be deleted\full_numerical_studies\bgk_r02_calibrated_t1_nex12\results\reference_values\bgk_r02_calibrated_t1_nex12_step_sweep_all_ref1200_direct_samepaths20k_s24487296_table.csv,40.178283
step_20000,K=70 put,70,72,20000,benchmark,D:\Mara PhD\Paper-C\To be deleted\full_numerical_studies\bgk_r02_calibrated_t1_nex12\results\reference_values\bgk_r02_calibrated_t1_nex12_step_sweep_all_ref1200_direct_samepaths20k_s24487296_table.csv,0.302539
step_20000,K=70 put,70,72,20000,hybrid,D:\Mara PhD\Paper-C\To be deleted\full_numerical_studies\bgk_r02_calibrated_t1_nex12\results\reference_values\bgk_r02_calibrated_t1_nex12_step_sweep_all_ref1200_direct_samepaths20k_s24487296_table.csv,40.204337
step_20000,K=70 put,70,96,20000,benchmark,D:\Mara PhD\Paper-C\To be deleted\full_numerical_studies\bgk_r02_calibrated_t1_nex12\results\reference_values\bgk_r02_calibrated_t1_nex12_step_sweep_all_ref1200_direct_samepaths20k_s24487296_table.csv,0.358316
step_20000,K=70 put,70,96,20000,hybrid,D:\Mara PhD\Paper-C\To be deleted\full_numerical_studies\bgk_r02_calibrated_t1_nex12\results\reference_values\bgk_r02_calibrated_t1_nex12_step_sweep_all_ref1200_direct_samepaths20k_s24487296_table.csv,40.033780
step_20000,K=80 put,80,24,20000,benchmark,D:\Mara PhD\Paper-C\To be deleted\full_numerical_studies\bgk_r02_calibrated_t1_nex12\results\reference_values\bgk_r02_calibrated_t1_nex12_step_sweep_all_ref1200_direct_samepaths20k_s24487296_table.csv,0.244797
step_20000,K=80 put,80,24,20000,hybrid,D:\Mara PhD\Paper-C\To be deleted\full_numerical_studies\bgk_r02_calibrated_t1_nex12\results\reference_values\bgk_r02_calibrated_t1_nex12_step_sweep_all_ref1200_direct_samepaths20k_s24487296_table.csv,41.478511
step_20000,K=80 put,80,48,20000,benchmark,D:\Mara PhD\Paper-C\To be deleted\full_numerical_studies\bgk_r02_calibrated_t1_nex12\results\reference_values\bgk_r02_calibrated_t1_nex12_step_sweep_all_ref1200_direct_samepaths20k_s24487296_table.csv,0.294894
step_20000,K=80 put,80,48,20000,hybrid,D:\Mara PhD\Paper-C\To be deleted\full_numerical_studies\bgk_r02_calibrated_t1_nex12\results\reference_values\bgk_r02_calibrated_t1_nex12_step_sweep_all_ref1200_direct_samepaths20k_s24487296_table.csv,42.401309
step_20000,K=80 put,80,72,20000,benchmark,D:\Mara PhD\Paper-C\To be deleted\full_numerical_studies\bgk_r02_calibrated_t1_nex12\results\reference_values\bgk_r02_calibrated_t1_nex12_step_sweep_all_ref1200_direct_samepaths20k_s24487296_table.csv,0.314702
step_20000,K=80 put,80,72,20000,hybrid,D:\Mara PhD\Paper-C\To be deleted\full_numerical_studies\bgk_r02_calibrated_t1_nex12\results\reference_values\bgk_r02_calibrated_t1_nex12_step_sweep_all_ref1200_direct_samepaths20k_s24487296_table.csv,40.411352
step_20000,K=80 put,80,96,20000,benchmark,D:\Mara PhD\Paper-C\To be deleted\full_numerical_studies\bgk_r02_calibrated_t1_nex12\results\reference_values\bgk_r02_calibrated_t1_nex12_step_sweep_all_ref1200_direct_samepaths20k_s24487296_table.csv,0.404347
step_20000,K=80 put,80,96,20000,hybrid,D:\Mara PhD\Paper-C\To be deleted\full_numerical_studies\bgk_r02_calibrated_t1_nex12\results\reference_values\bgk_r02_calibrated_t1_nex12_step_sweep_all_ref1200_direct_samepaths20k_s24487296_table.csv,40.232178
step_20000,OTM put,90,24,20000,benchmark,D:\Mara PhD\Paper-C\To be deleted\full_numerical_studies\bgk_r02_calibrated_t1_nex12\results\reference_values\bgk_r02_calibrated_t1_nex12_step_sweep_all_ref1200_direct_samepaths20k_s24487296_table.csv,0.263837
step_20000,OTM put,90,24,20000,hybrid,D:\Mara PhD\Paper-C\To be deleted\full_numerical_studies\bgk_r02_calibrated_t1_nex12\results\reference_values\bgk_r02_calibrated_t1_nex12_step_sweep_all_ref1200_direct_samepaths20k_s24487296_table.csv,39.748033
step_20000,OTM put,90,48,20000,benchmark,D:\Mara PhD\Paper-C\To be deleted\full_numerical_studies\bgk_r02_calibrated_t1_nex12\results\reference_values\bgk_r02_calibrated_t1_nex12_step_sweep_all_ref1200_direct_samepaths20k_s24487296_table.csv,0.319201
step_20000,OTM put,90,48,20000,hybrid,D:\Mara PhD\Paper-C\To be deleted\full_numerical_studies\bgk_r02_calibrated_t1_nex12\results\reference_values\bgk_r02_calibrated_t1_nex12_step_sweep_all_ref1200_direct_samepaths20k_s24487296_table.csv,43.501524
step_20000,OTM put,90,72,20000,benchmark,D:\Mara PhD\Paper-C\To be deleted\full_numerical_studies\bgk_r02_calibrated_t1_nex12\results\reference_values\bgk_r02_calibrated_t1_nex12_step_sweep_all_ref1200_direct_samepaths20k_s24487296_table.csv,0.337460
step_20000,OTM put,90,72,20000,hybrid,D:\Mara PhD\Paper-C\To be deleted\full_numerical_studies\bgk_r02_calibrated_t1_nex12\results\reference_values\bgk_r02_calibrated_t1_nex12_step_sweep_all_ref1200_direct_samepaths20k_s24487296_table.csv,41.489647
step_20000,OTM put,90,96,20000,benchmark,D:\Mara PhD\Paper-C\To be deleted\full_numerical_studies\bgk_r02_calibrated_t1_nex12\results\reference_values\bgk_r02_calibrated_t1_nex12_step_sweep_all_ref1200_direct_samepaths20k_s24487296_table.csv,0.387722
step_20000,OTM put,90,96,20000,hybrid,D:\Mara PhD\Paper-C\To be deleted\full_numerical_studies\bgk_r02_calibrated_t1_nex12\results\reference_values\bgk_r02_calibrated_t1_nex12_step_sweep_all_ref1200_direct_samepaths20k_s24487296_table.csv,38.762798
step_20000,ATM,100,24,20000,benchmark,D:\Mara PhD\Paper-C\To be deleted\full_numerical_studies\bgk_r02_calibrated_t1_nex12\results\reference_values\bgk_r02_calibrated_t1_nex12_step_sweep_all_ref1200_direct_samepaths20k_s24487296_table.csv,0.248009
step_20000,ATM,100,24,20000,hybrid,D:\Mara PhD\Paper-C\To be deleted\full_numerical_studies\bgk_r02_calibrated_t1_nex12\results\reference_values\bgk_r02_calibrated_t1_nex12_step_sweep_all_ref1200_direct_samepaths20k_s24487296_table.csv,37.876564
step_20000,ATM,100,48,20000,benchmark,D:\Mara PhD\Paper-C\To be deleted\full_numerical_studies\bgk_r02_calibrated_t1_nex12\results\reference_values\bgk_r02_calibrated_t1_nex12_step_sweep_all_ref1200_direct_samepaths20k_s24487296_table.csv,0.299423
step_20000,ATM,100,48,20000,hybrid,D:\Mara PhD\Paper-C\To be deleted\full_numerical_studies\bgk_r02_calibrated_t1_nex12\results\reference_values\bgk_r02_calibrated_t1_nex12_step_sweep_all_ref1200_direct_samepaths20k_s24487296_table.csv,37.941934
step_20000,ATM,100,72,20000,benchmark,D:\Mara PhD\Paper-C\To be deleted\full_numerical_studies\bgk_r02_calibrated_t1_nex12\results\reference_values\bgk_r02_calibrated_t1_nex12_step_sweep_all_ref1200_direct_samepaths20k_s24487296_table.csv,0.320002
step_20000,ATM,100,72,20000,hybrid,D:\Mara PhD\Paper-C\To be deleted\full_numerical_studies\bgk_r02_calibrated_t1_nex12\results\reference_values\bgk_r02_calibrated_t1_nex12_step_sweep_all_ref1200_direct_samepaths20k_s24487296_table.csv,38.072639
step_20000,ATM,100,96,20000,benchmark,D:\Mara PhD\Paper-C\To be deleted\full_numerical_studies\bgk_r02_calibrated_t1_nex12\results\reference_values\bgk_r02_calibrated_t1_nex12_step_sweep_all_ref1200_direct_samepaths20k_s24487296_table.csv,0.361777
step_20000,ATM,100,96,20000,hybrid,D:\Mara PhD\Paper-C\To be deleted\full_numerical_studies\bgk_r02_calibrated_t1_nex12\results\reference_values\bgk_r02_calibrated_t1_nex12_step_sweep_all_ref1200_direct_samepaths20k_s24487296_table.csv,37.632294
step_20000,ITM put,110,24,20000,benchmark,D:\Mara PhD\Paper-C\To be deleted\full_numerical_studies\bgk_r02_calibrated_t1_nex12\results\reference_values\bgk_r02_calibrated_t1_nex12_step_sweep_all_ref1200_direct_samepaths20k_s24487296_table.csv,0.241265
step_20000,ITM put,110,24,20000,hybrid,D:\Mara PhD\Paper-C\To be deleted\full_numerical_studies\bgk_r02_calibrated_t1_nex12\results\reference_values\bgk_r02_calibrated_t1_nex12_step_sweep_all_ref1200_direct_samepaths20k_s24487296_table.csv,37.560417
step_20000,ITM put,110,48,20000,benchmark,D:\Mara PhD\Paper-C\To be deleted\full_numerical_studies\bgk_r02_calibrated_t1_nex12\results\reference_values\bgk_r02_calibrated_t1_nex12_step_sweep_all_ref1200_direct_samepaths20k_s24487296_table.csv,0.285746
step_20000,ITM put,110,48,20000,hybrid,D:\Mara PhD\Paper-C\To be deleted\full_numerical_studies\bgk_r02_calibrated_t1_nex12\results\reference_values\bgk_r02_calibrated_t1_nex12_step_sweep_all_ref1200_direct_samepaths20k_s24487296_table.csv,38.574675
step_20000,ITM put,110,72,20000,benchmark,D:\Mara PhD\Paper-C\To be deleted\full_numerical_studies\bgk_r02_calibrated_t1_nex12\results\reference_values\bgk_r02_calibrated_t1_nex12_step_sweep_all_ref1200_direct_samepaths20k_s24487296_table.csv,0.344023
step_20000,ITM put,110,72,20000,hybrid,D:\Mara PhD\Paper-C\To be deleted\full_numerical_studies\bgk_r02_calibrated_t1_nex12\results\reference_values\bgk_r02_calibrated_t1_nex12_step_sweep_all_ref1200_direct_samepaths20k_s24487296_table.csv,42.312412
step_20000,ITM put,110,96,20000,benchmark,D:\Mara PhD\Paper-C\To be deleted\full_numerical_studies\bgk_r02_calibrated_t1_nex12\results\reference_values\bgk_r02_calibrated_t1_nex12_step_sweep_all_ref1200_direct_samepaths20k_s24487296_table.csv,0.406366
step_20000,ITM put,110,96,20000,hybrid,D:\Mara PhD\Paper-C\To be deleted\full_numerical_studies\bgk_r02_calibrated_t1_nex12\results\reference_values\bgk_r02_calibrated_t1_nex12_step_sweep_all_ref1200_direct_samepaths20k_s24487296_table.csv,40.450921
step_60000,K=70 put,70,24,60000,benchmark,D:\Mara PhD\Paper-C\To be deleted\full_numerical_studies\bgk_r02_calibrated_t1_nex12\results\reference_values\bgk_r02_calibrated_t1_nex12_step_sweep_all_ref1200_direct_samepaths60k_s24487296_table.csv,0.491335
step_60000,K=70 put,70,24,60000,hybrid,D:\Mara PhD\Paper-C\To be deleted\full_numerical_studies\bgk_r02_calibrated_t1_nex12\results\reference_values\bgk_r02_calibrated_t1_nex12_step_sweep_all_ref1200_direct_samepaths60k_s24487296_table.csv,116.567767
step_60000,K=70 put,70,48,60000,benchmark,D:\Mara PhD\Paper-C\To be deleted\full_numerical_studies\bgk_r02_calibrated_t1_nex12\results\reference_values\bgk_r02_calibrated_t1_nex12_step_sweep_all_ref1200_direct_samepaths60k_s24487296_table.csv,0.620403
step_60000,K=70 put,70,48,60000,hybrid,D:\Mara PhD\Paper-C\To be deleted\full_numerical_studies\bgk_r02_calibrated_t1_nex12\results\reference_values\bgk_r02_calibrated_t1_nex12_step_sweep_all_ref1200_direct_samepaths60k_s24487296_table.csv,114.284547
step_60000,K=70 put,70,72,60000,benchmark,D:\Mara PhD\Paper-C\To be deleted\full_numerical_studies\bgk_r02_calibrated_t1_nex12\results\reference_values\bgk_r02_calibrated_t1_nex12_step_sweep_all_ref1200_direct_samepaths60k_s24487296_table.csv,0.782382
step_60000,K=70 put,70,72,60000,hybrid,D:\Mara PhD\Paper-C\To be deleted\full_numerical_studies\bgk_r02_calibrated_t1_nex12\results\reference_values\bgk_r02_calibrated_t1_nex12_step_sweep_all_ref1200_direct_samepaths60k_s24487296_table.csv,128.491651
step_60000,K=70 put,70,96,60000,benchmark,D:\Mara PhD\Paper-C\To be deleted\full_numerical_studies\bgk_r02_calibrated_t1_nex12\results\reference_values\bgk_r02_calibrated_t1_nex12_step_sweep_all_ref1200_direct_samepaths60k_s24487296_table.csv,0.879078
step_60000,K=70 put,70,96,60000,hybrid,D:\Mara PhD\Paper-C\To be deleted\full_numerical_studies\bgk_r02_calibrated_t1_nex12\results\reference_values\bgk_r02_calibrated_t1_nex12_step_sweep_all_ref1200_direct_samepaths60k_s24487296_table.csv,132.169776
step_60000,K=80 put,80,24,60000,benchmark,D:\Mara PhD\Paper-C\To be deleted\full_numerical_studies\bgk_r02_calibrated_t1_nex12\results\reference_values\bgk_r02_calibrated_t1_nex12_step_sweep_all_ref1200_direct_samepaths60k_s24487296_table.csv,0.471830
step_60000,K=80 put,80,24,60000,hybrid,D:\Mara PhD\Paper-C\To be deleted\full_numerical_studies\bgk_r02_calibrated_t1_nex12\results\reference_values\bgk_r02_calibrated_t1_nex12_step_sweep_all_ref1200_direct_samepaths60k_s24487296_table.csv,122.500727
step_60000,K=80 put,80,48,60000,benchmark,D:\Mara PhD\Paper-C\To be deleted\full_numerical_studies\bgk_r02_calibrated_t1_nex12\results\reference_values\bgk_r02_calibrated_t1_nex12_step_sweep_all_ref1200_direct_samepaths60k_s24487296_table.csv,0.589598
step_60000,K=80 put,80,48,60000,hybrid,D:\Mara PhD\Paper-C\To be deleted\full_numerical_studies\bgk_r02_calibrated_t1_nex12\results\reference_values\bgk_r02_calibrated_t1_nex12_step_sweep_all_ref1200_direct_samepaths60k_s24487296_table.csv,112.973415
step_60000,K=80 put,80,72,60000,benchmark,D:\Mara PhD\Paper-C\To be deleted\full_numerical_studies\bgk_r02_calibrated_t1_nex12\results\reference_values\bgk_r02_calibrated_t1_nex12_step_sweep_all_ref1200_direct_samepaths60k_s24487296_table.csv,0.729694
step_60000,K=80 put,80,72,60000,hybrid,D:\Mara PhD\Paper-C\To be deleted\full_numerical_studies\bgk_r02_calibrated_t1_nex12\results\reference_values\bgk_r02_calibrated_t1_nex12_step_sweep_all_ref1200_direct_samepaths60k_s24487296_table.csv,117.486400
step_60000,K=80 put,80,96,60000,benchmark,D:\Mara PhD\Paper-C\To be deleted\full_numerical_studies\bgk_r02_calibrated_t1_nex12\results\reference_values\bgk_r02_calibrated_t1_nex12_step_sweep_all_ref1200_direct_samepaths60k_s24487296_table.csv,0.852409
step_60000,K=80 put,80,96,60000,hybrid,D:\Mara PhD\Paper-C\To be deleted\full_numerical_studies\bgk_r02_calibrated_t1_nex12\results\reference_values\bgk_r02_calibrated_t1_nex12_step_sweep_all_ref1200_direct_samepaths60k_s24487296_table.csv,113.289870
step_60000,OTM put,90,24,60000,benchmark,D:\Mara PhD\Paper-C\To be deleted\full_numerical_studies\bgk_r02_calibrated_t1_nex12\results\reference_values\bgk_r02_calibrated_t1_nex12_step_sweep_all_ref1200_direct_samepaths60k_s24487296_table.csv,0.467032
step_60000,OTM put,90,24,60000,hybrid,D:\Mara PhD\Paper-C\To be deleted\full_numerical_studies\bgk_r02_calibrated_t1_nex12\results\reference_values\bgk_r02_calibrated_t1_nex12_step_sweep_all_ref1200_direct_samepaths60k_s24487296_table.csv,112.926731
step_60000,OTM put,90,48,60000,benchmark,D:\Mara PhD\Paper-C\To be deleted\full_numerical_studies\bgk_r02_calibrated_t1_nex12\results\reference_values\bgk_r02_calibrated_t1_nex12_step_sweep_all_ref1200_direct_samepaths60k_s24487296_table.csv,0.595890
step_60000,OTM put,90,48,60000,hybrid,D:\Mara PhD\Paper-C\To be deleted\full_numerical_studies\bgk_r02_calibrated_t1_nex12\results\reference_values\bgk_r02_calibrated_t1_nex12_step_sweep_all_ref1200_direct_samepaths60k_s24487296_table.csv,112.500821
step_60000,OTM put,90,72,60000,benchmark,D:\Mara PhD\Paper-C\To be deleted\full_numerical_studies\bgk_r02_calibrated_t1_nex12\results\reference_values\bgk_r02_calibrated_t1_nex12_step_sweep_all_ref1200_direct_samepaths60k_s24487296_table.csv,0.718624
step_60000,OTM put,90,72,60000,hybrid,D:\Mara PhD\Paper-C\To be deleted\full_numerical_studies\bgk_r02_calibrated_t1_nex12\results\reference_values\bgk_r02_calibrated_t1_nex12_step_sweep_all_ref1200_direct_samepaths60k_s24487296_table.csv,112.522585
step_60000,OTM put,90,96,60000,benchmark,D:\Mara PhD\Paper-C\To be deleted\full_numerical_studies\bgk_r02_calibrated_t1_nex12\results\reference_values\bgk_r02_calibrated_t1_nex12_step_sweep_all_ref1200_direct_samepaths60k_s24487296_table.csv,0.838206
step_60000,OTM put,90,96,60000,hybrid,D:\Mara PhD\Paper-C\To be deleted\full_numerical_studies\bgk_r02_calibrated_t1_nex12\results\reference_values\bgk_r02_calibrated_t1_nex12_step_sweep_all_ref1200_direct_samepaths60k_s24487296_table.csv,112.919390
step_60000,ATM,100,24,60000,benchmark,D:\Mara PhD\Paper-C\To be deleted\full_numerical_studies\bgk_r02_calibrated_t1_nex12\results\reference_values\bgk_r02_calibrated_t1_nex12_step_sweep_all_ref1200_direct_samepaths60k_s24487296_table.csv,0.458978
step_60000,ATM,100,24,60000,hybrid,D:\Mara PhD\Paper-C\To be deleted\full_numerical_studies\bgk_r02_calibrated_t1_nex12\results\reference_values\bgk_r02_calibrated_t1_nex12_step_sweep_all_ref1200_direct_samepaths60k_s24487296_table.csv,110.084927
step_60000,ATM,100,48,60000,benchmark,D:\Mara PhD\Paper-C\To be deleted\full_numerical_studies\bgk_r02_calibrated_t1_nex12\results\reference_values\bgk_r02_calibrated_t1_nex12_step_sweep_all_ref1200_direct_samepaths60k_s24487296_table.csv,0.561544
step_60000,ATM,100,48,60000,hybrid,D:\Mara PhD\Paper-C\To be deleted\full_numerical_studies\bgk_r02_calibrated_t1_nex12\results\reference_values\bgk_r02_calibrated_t1_nex12_step_sweep_all_ref1200_direct_samepaths60k_s24487296_table.csv,109.426626
step_60000,ATM,100,72,60000,benchmark,D:\Mara PhD\Paper-C\To be deleted\full_numerical_studies\bgk_r02_calibrated_t1_nex12\results\reference_values\bgk_r02_calibrated_t1_nex12_step_sweep_all_ref1200_direct_samepaths60k_s24487296_table.csv,0.669506
step_60000,ATM,100,72,60000,hybrid,D:\Mara PhD\Paper-C\To be deleted\full_numerical_studies\bgk_r02_calibrated_t1_nex12\results\reference_values\bgk_r02_calibrated_t1_nex12_step_sweep_all_ref1200_direct_samepaths60k_s24487296_table.csv,108.095100
step_60000,ATM,100,96,60000,benchmark,D:\Mara PhD\Paper-C\To be deleted\full_numerical_studies\bgk_r02_calibrated_t1_nex12\results\reference_values\bgk_r02_calibrated_t1_nex12_step_sweep_all_ref1200_direct_samepaths60k_s24487296_table.csv,0.775527
step_60000,ATM,100,96,60000,hybrid,D:\Mara PhD\Paper-C\To be deleted\full_numerical_studies\bgk_r02_calibrated_t1_nex12\results\reference_values\bgk_r02_calibrated_t1_nex12_step_sweep_all_ref1200_direct_samepaths60k_s24487296_table.csv,108.344836
step_60000,ITM put,110,24,60000,benchmark,D:\Mara PhD\Paper-C\To be deleted\full_numerical_studies\bgk_r02_calibrated_t1_nex12\results\reference_values\bgk_r02_calibrated_t1_nex12_step_sweep_all_ref1200_direct_samepaths60k_s24487296_table.csv,0.416950
step_60000,ITM put,110,24,60000,hybrid,D:\Mara PhD\Paper-C\To be deleted\full_numerical_studies\bgk_r02_calibrated_t1_nex12\results\reference_values\bgk_r02_calibrated_t1_nex12_step_sweep_all_ref1200_direct_samepaths60k_s24487296_table.csv,107.954208
step_60000,ITM put,110,48,60000,benchmark,D:\Mara PhD\Paper-C\To be deleted\full_numerical_studies\bgk_r02_calibrated_t1_nex12\results\reference_values\bgk_r02_calibrated_t1_nex12_step_sweep_all_ref1200_direct_samepaths60k_s24487296_table.csv,0.541854
step_60000,ITM put,110,48,60000,hybrid,D:\Mara PhD\Paper-C\To be deleted\full_numerical_studies\bgk_r02_calibrated_t1_nex12\results\reference_values\bgk_r02_calibrated_t1_nex12_step_sweep_all_ref1200_direct_samepaths60k_s24487296_table.csv,108.213359
step_60000,ITM put,110,72,60000,benchmark,D:\Mara PhD\Paper-C\To be deleted\full_numerical_studies\bgk_r02_calibrated_t1_nex12\results\reference_values\bgk_r02_calibrated_t1_nex12_step_sweep_all_ref1200_direct_samepaths60k_s24487296_table.csv,0.657158
step_60000,ITM put,110,72,60000,hybrid,D:\Mara PhD\Paper-C\To be deleted\full_numerical_studies\bgk_r02_calibrated_t1_nex12\results\reference_values\bgk_r02_calibrated_t1_nex12_step_sweep_all_ref1200_direct_samepaths60k_s24487296_table.csv,109.289639
step_60000,ITM put,110,96,60000,benchmark,D:\Mara PhD\Paper-C\To be deleted\full_numerical_studies\bgk_r02_calibrated_t1_nex12\results\reference_values\bgk_r02_calibrated_t1_nex12_step_sweep_all_ref1200_direct_samepaths60k_s24487296_table.csv,0.766314
step_60000,ITM put,110,96,60000,hybrid,D:\Mara PhD\Paper-C\To be deleted\full_numerical_studies\bgk_r02_calibrated_t1_nex12\results\reference_values\bgk_r02_calibrated_t1_nex12_step_sweep_all_ref1200_direct_samepaths60k_s24487296_table.csv,108.436657
