kind,source_path,destination_path,sha256,settings,notes
plot_data,D:\Mara PhD\Paper-C\To be deleted\full_numerical_studies\bgk_r02_calibrated_t1_nex12\results\reference_values\path_sweep\bgk_r02_calibrated_t1_nex12_path_sweep_k70_steps48_direct_ref1200_paths1200000_table.csv,D:\Mara PhD\Paper-C\To be deleted\full_numerical_studies\bgk_r02_calibrated_t1_nex12\results\plot_data\bgk_r02_calibrated_t1_nex12_path_sweep_steps48_k70_benchmark.csv,9aae962dc684aa9493a6587adb60252ed641630b651e18d87ede88b0414eb254,48 steps; reported path grid,benchmark plot data for K=70
plot_data,D:\Mara PhD\Paper-C\To be deleted\full_numerical_studies\bgk_r02_calibrated_t1_nex12\results\reference_values\path_sweep\bgk_r02_calibrated_t1_nex12_path_sweep_k70_steps48_direct_ref1200_paths1200000_table.csv,D:\Mara PhD\Paper-C\To be deleted\full_numerical_studies\bgk_r02_calibrated_t1_nex12\results\plot_data\bgk_r02_calibrated_t1_nex12_path_sweep_steps48_k70_hybrid.csv,d588815bb537398efe6170888d5384401bb6f6d94e2df3bd05713debf3b0a27b,48 steps; reported path grid,hybrid plot data for K=70
plot_data,D:\Mara PhD\Paper-C\To be deleted\full_numerical_studies\bgk_r02_calibrated_t1_nex12\results\reference_values\path_sweep\bgk_r02_calibrated_t1_nex12_path_sweep_k80_steps48_direct_ref1200_paths1200000_table.csv,D:\Mara PhD\Paper-C\To be deleted\full_numerical_studies\bgk_r02_calibrated_t1_nex12\results\plot_data\bgk_r02_calibrated_t1_nex12_path_sweep_steps48_k80_benchmark.csv,5f40be760dd73e2c408b162f3d5855930ba4245b861e5123d894112bbc6f5e2a,48 steps; reported path grid,benchmark plot data for K=80
plot_data,D:\Mara PhD\Paper-C\To be deleted\full_numerical_studies\bgk_r02_calibrated_t1_nex12\results\reference_values\path_sweep\bgk_r02_calibrated_t1_nex12_path_sweep_k80_steps48_direct_ref1200_paths1200000_table.csv,D:\Mara PhD\Paper-C\To be deleted\full_numerical_studies\bgk_r02_calibrated_t1_nex12\results\plot_data\bgk_r02_calibrated_t1_nex12_path_sweep_steps48_k80_hybrid.csv,1fc8bde975c8be99e8e381f0e0e867bc95bf46acae5682ffe44aa23dc84fb37d,48 steps; reported path grid,hybrid plot data for K=80
plot_data,D:\Mara PhD\Paper-C\To be deleted\full_numerical_studies\bgk_r02_calibrated_t1_nex12\results\reference_values\path_sweep\bgk_r02_calibrated_t1_nex12_path_sweep_k90_steps48_direct_ref1200_paths1200000_table.csv,D:\Mara PhD\Paper-C\To be deleted\full_numerical_studies\bgk_r02_calibrated_t1_nex12\results\plot_data\bgk_r02_calibrated_t1_nex12_path_sweep_steps48_k90_benchmark.csv,4070e2afb6e432c1b345bfa22cac93518717920d7bddf08e024a08efa4478096,48 steps; reported path grid,benchmark plot data for K=90
plot_data,D:\Mara PhD\Paper-C\To be deleted\full_numerical_studies\bgk_r02_calibrated_t1_nex12\results\reference_values\path_sweep\bgk_r02_calibrated_t1_nex12_path_sweep_k90_steps48_direct_ref1200_paths1200000_table.csv,D:\Mara PhD\Paper-C\To be deleted\full_numerical_studies\bgk_r02_calibrated_t1_nex12\results\plot_data\bgk_r02_calibrated_t1_nex12_path_sweep_steps48_k90_hybrid.csv,f6d2a52aa395bcb8c06b0a0a7b7158602db1b054a79476e698a9b7d61f5979a4,48 steps; reported path grid,hybrid plot data for K=90
plot_data,D:\Mara PhD\Paper-C\To be deleted\full_numerical_studies\bgk_r02_calibrated_t1_nex12\results\reference_values\path_sweep\bgk_r02_calibrated_t1_nex12_path_sweep_k100_steps48_direct_ref1200_paths1200000_table.csv,D:\Mara PhD\Paper-C\To be deleted\full_numerical_studies\bgk_r02_calibrated_t1_nex12\results\plot_data\bgk_r02_calibrated_t1_nex12_path_sweep_steps48_k100_benchmark.csv,aba4355b5ef649806a421a4e23e9369d7cb28e26703d998c2c3e2e580d5a2d40,48 steps; reported path grid,benchmark plot data for K=100
plot_data,D:\Mara PhD\Paper-C\To be deleted\full_numerical_studies\bgk_r02_calibrated_t1_nex12\results\reference_values\path_sweep\bgk_r02_calibrated_t1_nex12_path_sweep_k100_steps48_direct_ref1200_paths1200000_table.csv,D:\Mara PhD\Paper-C\To be deleted\full_numerical_studies\bgk_r02_calibrated_t1_nex12\results\plot_data\bgk_r02_calibrated_t1_nex12_path_sweep_steps48_k100_hybrid.csv,8dfc737d3aaecf036fffedb47dd34f53ce7273afd644b4403a2e4ffedf3519dd,48 steps; reported path grid,hybrid plot data for K=100
plot_data,D:\Mara PhD\Paper-C\To be deleted\full_numerical_studies\bgk_r02_calibrated_t1_nex12\results\reference_values\path_sweep\bgk_r02_calibrated_t1_nex12_path_sweep_k110_steps48_direct_ref1200_paths1200000_table.csv,D:\Mara PhD\Paper-C\To be deleted\full_numerical_studies\bgk_r02_calibrated_t1_nex12\results\plot_data\bgk_r02_calibrated_t1_nex12_path_sweep_steps48_k110_benchmark.csv,fa4b3ef092decd837308d257831a637509637f09fc1b5b919ab60c119a8b6ebd,48 steps; reported path grid,benchmark plot data for K=110
plot_data,D:\Mara PhD\Paper-C\To be deleted\full_numerical_studies\bgk_r02_calibrated_t1_nex12\results\reference_values\path_sweep\bgk_r02_calibrated_t1_nex12_path_sweep_k110_steps48_direct_ref1200_paths1200000_table.csv,D:\Mara PhD\Paper-C\To be deleted\full_numerical_studies\bgk_r02_calibrated_t1_nex12\results\plot_data\bgk_r02_calibrated_t1_nex12_path_sweep_steps48_k110_hybrid.csv,63b415a710f619ce89dabd5b5d2700ff9a7964fa810a239959a6c333388852fa,48 steps; reported path grid,hybrid plot data for K=110
plot_data,D:\Mara PhD\Paper-C\To be deleted\full_numerical_studies\bgk_r02_calibrated_t1_nex12\results\reference_values\path_sweep\bgk_r02_calibrated_t1_nex12_path_sweep_k70_steps60_direct_ref1200_paths1200000_table.csv,D:\Mara PhD\Paper-C\To be deleted\full_numerical_studies\bgk_r02_calibrated_t1_nex12\results\plot_data\bgk_r02_calibrated_t1_nex12_path_sweep_steps60_k70_benchmark.csv,06c7459f1b9bdd6874fc5f8d40ff1cd7ddd29df7e345ac4b7903d01fa7dc73fe,60 steps; reported path grid,benchmark plot data for K=70
plot_data,D:\Mara PhD\Paper-C\To be deleted\full_numerical_studies\bgk_r02_calibrated_t1_nex12\results\reference_values\path_sweep\bgk_r02_calibrated_t1_nex12_path_sweep_k70_steps60_direct_ref1200_paths1200000_table.csv,D:\Mara PhD\Paper-C\To be deleted\full_numerical_studies\bgk_r02_calibrated_t1_nex12\results\plot_data\bgk_r02_calibrated_t1_nex12_path_sweep_steps60_k70_hybrid.csv,c82797327f9e2b32d3d5ffa6dbcad5a0767e733c8015630c078600f20f547305,60 steps; reported path grid,hybrid plot data for K=70
plot_data,D:\Mara PhD\Paper-C\To be deleted\full_numerical_studies\bgk_r02_calibrated_t1_nex12\results\reference_values\path_sweep\bgk_r02_calibrated_t1_nex12_path_sweep_k80_steps60_direct_ref1200_paths1200000_table.csv,D:\Mara PhD\Paper-C\To be deleted\full_numerical_studies\bgk_r02_calibrated_t1_nex12\results\plot_data\bgk_r02_calibrated_t1_nex12_path_sweep_steps60_k80_benchmark.csv,5463c8854ad5373d0132a55e7ddce219acc63770e8bf4d040ea708d848eebb32,60 steps; reported path grid,benchmark plot data for K=80
plot_data,D:\Mara PhD\Paper-C\To be deleted\full_numerical_studies\bgk_r02_calibrated_t1_nex12\results\reference_values\path_sweep\bgk_r02_calibrated_t1_nex12_path_sweep_k80_steps60_direct_ref1200_paths1200000_table.csv,D:\Mara PhD\Paper-C\To be deleted\full_numerical_studies\bgk_r02_calibrated_t1_nex12\results\plot_data\bgk_r02_calibrated_t1_nex12_path_sweep_steps60_k80_hybrid.csv,55a150c194c2f3d1b3c1fe7f94c019793f733b27751bcdd775d2474b700599a2,60 steps; reported path grid,hybrid plot data for K=80
plot_data,D:\Mara PhD\Paper-C\To be deleted\full_numerical_studies\bgk_r02_calibrated_t1_nex12\results\reference_values\path_sweep\bgk_r02_calibrated_t1_nex12_path_sweep_k90_steps60_direct_ref1200_paths1200000_table.csv,D:\Mara PhD\Paper-C\To be deleted\full_numerical_studies\bgk_r02_calibrated_t1_nex12\results\plot_data\bgk_r02_calibrated_t1_nex12_path_sweep_steps60_k90_benchmark.csv,f586361618a2f6b1d3fa72cc6765c0a8dde9f813ef0384123dd346d0e4d79814,60 steps; reported path grid,benchmark plot data for K=90
plot_data,D:\Mara PhD\Paper-C\To be deleted\full_numerical_studies\bgk_r02_calibrated_t1_nex12\results\reference_values\path_sweep\bgk_r02_calibrated_t1_nex12_path_sweep_k90_steps60_direct_ref1200_paths1200000_table.csv,D:\Mara PhD\Paper-C\To be deleted\full_numerical_studies\bgk_r02_calibrated_t1_nex12\results\plot_data\bgk_r02_calibrated_t1_nex12_path_sweep_steps60_k90_hybrid.csv,e2e386384189ad9ec3abf9935f7bc4d906405e4f2f607559eecf3c26afc5a48f,60 steps; reported path grid,hybrid plot data for K=90
plot_data,D:\Mara PhD\Paper-C\To be deleted\full_numerical_studies\bgk_r02_calibrated_t1_nex12\results\reference_values\path_sweep\bgk_r02_calibrated_t1_nex12_path_sweep_k100_steps60_direct_ref1200_paths1200000_table.csv,D:\Mara PhD\Paper-C\To be deleted\full_numerical_studies\bgk_r02_calibrated_t1_nex12\results\plot_data\bgk_r02_calibrated_t1_nex12_path_sweep_steps60_k100_benchmark.csv,3b471639cc3afc964ee213ca510a0a7af39b7f40710d6d36ffc1699942a58e75,60 steps; reported path grid,benchmark plot data for K=100
plot_data,D:\Mara PhD\Paper-C\To be deleted\full_numerical_studies\bgk_r02_calibrated_t1_nex12\results\reference_values\path_sweep\bgk_r02_calibrated_t1_nex12_path_sweep_k100_steps60_direct_ref1200_paths1200000_table.csv,D:\Mara PhD\Paper-C\To be deleted\full_numerical_studies\bgk_r02_calibrated_t1_nex12\results\plot_data\bgk_r02_calibrated_t1_nex12_path_sweep_steps60_k100_hybrid.csv,5aef8942586dc7d231d05cbbe6899c7ef9760d72e558f56faa17f52766599ae8,60 steps; reported path grid,hybrid plot data for K=100
plot_data,D:\Mara PhD\Paper-C\To be deleted\full_numerical_studies\bgk_r02_calibrated_t1_nex12\results\reference_values\path_sweep\bgk_r02_calibrated_t1_nex12_path_sweep_k110_steps60_direct_ref1200_paths1200000_table.csv,D:\Mara PhD\Paper-C\To be deleted\full_numerical_studies\bgk_r02_calibrated_t1_nex12\results\plot_data\bgk_r02_calibrated_t1_nex12_path_sweep_steps60_k110_benchmark.csv,9c45940e9cdd92fbb03a159124f14107f6633b5aafb83fa21be3697901b9bc2f,60 steps; reported path grid,benchmark plot data for K=110
plot_data,D:\Mara PhD\Paper-C\To be deleted\full_numerical_studies\bgk_r02_calibrated_t1_nex12\results\reference_values\path_sweep\bgk_r02_calibrated_t1_nex12_path_sweep_k110_steps60_direct_ref1200_paths1200000_table.csv,D:\Mara PhD\Paper-C\To be deleted\full_numerical_studies\bgk_r02_calibrated_t1_nex12\results\plot_data\bgk_r02_calibrated_t1_nex12_path_sweep_steps60_k110_hybrid.csv,efaa594bd06f56d2e67be087574c28f1491d06a7eb4cd3aac2d2b3c9df82e5f8,60 steps; reported path grid,hybrid plot data for K=110
table,D:\Mara PhD\Paper-C\To be deleted\full_numerical_studies\bgk_r02_calibrated_t1_nex12\config\rerun_config.json,D:\Mara PhD\Paper-C\To be deleted\full_numerical_studies\bgk_r02_calibrated_t1_nex12\tables\bgk_r02_calibrated_t1_nex12_experimental_setting_table.tex,d4d7acdb8b988a183c3efc0d92e10585aad4f7fde76402846d0817c847eb69aa,model and numerical setup,standalone setting table
table,D:\Mara PhD\Paper-C\To be deleted\full_numerical_studies\bgk_r02_calibrated_t1_nex12\results\reference_values\bgk_r02_calibrated_t1_nex12_benchmark_steps1200_paths1200000_table.csv,D:\Mara PhD\Paper-C\To be deleted\full_numerical_studies\bgk_r02_calibrated_t1_nex12\tables\bgk_r02_calibrated_t1_nex12_benchmark_reference_table.tex,7242a38075a6e8711f14b0a8524a60ebfb999b55fb3d51e7db5d43d7b09502b4,benchmark references,standalone benchmark table
figure,D:\Mara PhD\Paper-C\To be deleted\full_numerical_studies\bgk_r02_calibrated_t1_nex12\results\reference_values\bgk_r02_calibrated_t1_nex12_step_sweep_all_ref1200_direct_samepaths20k_s24487296_table.csv,D:\Mara PhD\Paper-C\To be deleted\full_numerical_studies\bgk_r02_calibrated_t1_nex12\figures\bgk_r02_calibrated_t1_nex12_step_sweep_20k_direct_relative_error.pdf,67fe379eb4f36ec6ae5f898f520a7733b0ed831f8d5417aa0126b944c384a79b,20000 path step sweep,pdf figure
figure,D:\Mara PhD\Paper-C\To be deleted\full_numerical_studies\bgk_r02_calibrated_t1_nex12\results\reference_values\bgk_r02_calibrated_t1_nex12_step_sweep_all_ref1200_direct_samepaths20k_s24487296_table.csv,D:\Mara PhD\Paper-C\To be deleted\full_numerical_studies\bgk_r02_calibrated_t1_nex12\figures\bgk_r02_calibrated_t1_nex12_step_sweep_20k_direct_relative_error.png,fa2b2f000399df421a949abc791b9b84156bf259ebd727fe0bb8f70f10568916,20000 path step sweep,png figure
figure,D:\Mara PhD\Paper-C\To be deleted\full_numerical_studies\bgk_r02_calibrated_t1_nex12\results\reference_values\bgk_r02_calibrated_t1_nex12_step_sweep_all_ref1200_direct_samepaths20k_s24487296_table.csv,D:\Mara PhD\Paper-C\To be deleted\full_numerical_studies\bgk_r02_calibrated_t1_nex12\figures\bgk_r02_calibrated_t1_nex12_step_sweep_20k_direct_relative_error.eps,a52d95756af3e983defa470b19425d5b92b8c4777e152c3aeb6ce2a8e63f4022,20000 path step sweep,eps figure
table,D:\Mara PhD\Paper-C\To be deleted\full_numerical_studies\bgk_r02_calibrated_t1_nex12\results\reference_values\bgk_r02_calibrated_t1_nex12_step_sweep_all_ref1200_direct_samepaths20k_s24487296_table.csv,D:\Mara PhD\Paper-C\To be deleted\full_numerical_studies\bgk_r02_calibrated_t1_nex12\tables\bgk_r02_calibrated_t1_nex12_step_sweep_20k_step72_table.tex,6b71b03cbce1e2e3a6afbcf2ef463d9f6e2385b7cca6c8d33a7e94f78a753f4a,20000 paths; 72 steps,representative step-sweep metrics
figure,D:\Mara PhD\Paper-C\To be deleted\full_numerical_studies\bgk_r02_calibrated_t1_nex12\results\reference_values\bgk_r02_calibrated_t1_nex12_step_sweep_all_ref1200_direct_samepaths60k_s24487296_table.csv,D:\Mara PhD\Paper-C\To be deleted\full_numerical_studies\bgk_r02_calibrated_t1_nex12\figures\bgk_r02_calibrated_t1_nex12_step_sweep_60k_direct_relative_error.pdf,a3a0711897b9a3035eb66e641fd108a4930b1aa7d54ef239cc31080df42154f4,60000 path step sweep,pdf figure
figure,D:\Mara PhD\Paper-C\To be deleted\full_numerical_studies\bgk_r02_calibrated_t1_nex12\results\reference_values\bgk_r02_calibrated_t1_nex12_step_sweep_all_ref1200_direct_samepaths60k_s24487296_table.csv,D:\Mara PhD\Paper-C\To be deleted\full_numerical_studies\bgk_r02_calibrated_t1_nex12\figures\bgk_r02_calibrated_t1_nex12_step_sweep_60k_direct_relative_error.png,375f2f6826707f35366e6c12856338ad10008d8eac4c12448f687f68cbbce051,60000 path step sweep,png figure
figure,D:\Mara PhD\Paper-C\To be deleted\full_numerical_studies\bgk_r02_calibrated_t1_nex12\results\reference_values\bgk_r02_calibrated_t1_nex12_step_sweep_all_ref1200_direct_samepaths60k_s24487296_table.csv,D:\Mara PhD\Paper-C\To be deleted\full_numerical_studies\bgk_r02_calibrated_t1_nex12\figures\bgk_r02_calibrated_t1_nex12_step_sweep_60k_direct_relative_error.eps,8cd8ffdb8109f24e1eb8f78dc1600b45caa9cfb79172a0d9823271b9978a4647,60000 path step sweep,eps figure
table,D:\Mara PhD\Paper-C\To be deleted\full_numerical_studies\bgk_r02_calibrated_t1_nex12\results\reference_values\bgk_r02_calibrated_t1_nex12_step_sweep_all_ref1200_direct_samepaths60k_s24487296_table.csv,D:\Mara PhD\Paper-C\To be deleted\full_numerical_studies\bgk_r02_calibrated_t1_nex12\tables\bgk_r02_calibrated_t1_nex12_step_sweep_60k_step72_table.tex,13c7484096a382e49cfad197f0a53024783c77456baa4b1544c1b2e3e6bab753,60000 paths; 72 steps,representative step-sweep metrics
figure,D:\Mara PhD\Paper-C\To be deleted\full_numerical_studies\bgk_r02_calibrated_t1_nex12\results\plot_data\bgk_r02_calibrated_t1_nex12_path_sweep_steps48_k100_benchmark.csv;D:\Mara PhD\Paper-C\To be deleted\full_numerical_studies\bgk_r02_calibrated_t1_nex12\results\plot_data\bgk_r02_calibrated_t1_nex12_path_sweep_steps48_k100_hybrid.csv;D:\Mara PhD\Paper-C\To be deleted\full_numerical_studies\bgk_r02_calibrated_t1_nex12\results\plot_data\bgk_r02_calibrated_t1_nex12_path_sweep_steps48_k110_benchmark.csv;D:\Mara PhD\Paper-C\To be deleted\full_numerical_studies\bgk_r02_calibrated_t1_nex12\results\plot_data\bgk_r02_calibrated_t1_nex12_path_sweep_steps48_k110_hybrid.csv;D:\Mara PhD\Paper-C\To be deleted\full_numerical_studies\bgk_r02_calibrated_t1_nex12\results\plot_data\bgk_r02_calibrated_t1_nex12_path_sweep_steps48_k70_benchmark.csv;D:\Mara PhD\Paper-C\To be deleted\full_numerical_studies\bgk_r02_calibrated_t1_nex12\results\plot_data\bgk_r02_calibrated_t1_nex12_path_sweep_steps48_k70_hybrid.csv;D:\Mara PhD\Paper-C\To be deleted\full_numerical_studies\bgk_r02_calibrated_t1_nex12\results\plot_data\bgk_r02_calibrated_t1_nex12_path_sweep_steps48_k80_benchmark.csv;D:\Mara PhD\Paper-C\To be deleted\full_numerical_studies\bgk_r02_calibrated_t1_nex12\results\plot_data\bgk_r02_calibrated_t1_nex12_path_sweep_steps48_k80_hybrid.csv;D:\Mara PhD\Paper-C\To be deleted\full_numerical_studies\bgk_r02_calibrated_t1_nex12\results\plot_data\bgk_r02_calibrated_t1_nex12_path_sweep_steps48_k90_benchmark.csv;D:\Mara PhD\Paper-C\To be deleted\full_numerical_studies\bgk_r02_calibrated_t1_nex12\results\plot_data\bgk_r02_calibrated_t1_nex12_path_sweep_steps48_k90_hybrid.csv,D:\Mara PhD\Paper-C\To be deleted\full_numerical_studies\bgk_r02_calibrated_t1_nex12\figures\bgk_r02_calibrated_t1_nex12_path_sweep_steps48_direct_relative_error.pdf,bf4ca4594c8735d4a5627bae6409041de6050c0e3f152ddeb7ae0b32fdec5c85,48-step path sweep,pdf figure
figure,D:\Mara PhD\Paper-C\To be deleted\full_numerical_studies\bgk_r02_calibrated_t1_nex12\results\plot_data\bgk_r02_calibrated_t1_nex12_path_sweep_steps48_k100_benchmark.csv;D:\Mara PhD\Paper-C\To be deleted\full_numerical_studies\bgk_r02_calibrated_t1_nex12\results\plot_data\bgk_r02_calibrated_t1_nex12_path_sweep_steps48_k100_hybrid.csv;D:\Mara PhD\Paper-C\To be deleted\full_numerical_studies\bgk_r02_calibrated_t1_nex12\results\plot_data\bgk_r02_calibrated_t1_nex12_path_sweep_steps48_k110_benchmark.csv;D:\Mara PhD\Paper-C\To be deleted\full_numerical_studies\bgk_r02_calibrated_t1_nex12\results\plot_data\bgk_r02_calibrated_t1_nex12_path_sweep_steps48_k110_hybrid.csv;D:\Mara PhD\Paper-C\To be deleted\full_numerical_studies\bgk_r02_calibrated_t1_nex12\results\plot_data\bgk_r02_calibrated_t1_nex12_path_sweep_steps48_k70_benchmark.csv;D:\Mara PhD\Paper-C\To be deleted\full_numerical_studies\bgk_r02_calibrated_t1_nex12\results\plot_data\bgk_r02_calibrated_t1_nex12_path_sweep_steps48_k70_hybrid.csv;D:\Mara PhD\Paper-C\To be deleted\full_numerical_studies\bgk_r02_calibrated_t1_nex12\results\plot_data\bgk_r02_calibrated_t1_nex12_path_sweep_steps48_k80_benchmark.csv;D:\Mara PhD\Paper-C\To be deleted\full_numerical_studies\bgk_r02_calibrated_t1_nex12\results\plot_data\bgk_r02_calibrated_t1_nex12_path_sweep_steps48_k80_hybrid.csv;D:\Mara PhD\Paper-C\To be deleted\full_numerical_studies\bgk_r02_calibrated_t1_nex12\results\plot_data\bgk_r02_calibrated_t1_nex12_path_sweep_steps48_k90_benchmark.csv;D:\Mara PhD\Paper-C\To be deleted\full_numerical_studies\bgk_r02_calibrated_t1_nex12\results\plot_data\bgk_r02_calibrated_t1_nex12_path_sweep_steps48_k90_hybrid.csv,D:\Mara PhD\Paper-C\To be deleted\full_numerical_studies\bgk_r02_calibrated_t1_nex12\figures\bgk_r02_calibrated_t1_nex12_path_sweep_steps48_direct_relative_error.png,8ab9766ae9931d912c151f204deefcb317d7297ab61d06aad78a47895ac2e248,48-step path sweep,png figure
figure,D:\Mara PhD\Paper-C\To be deleted\full_numerical_studies\bgk_r02_calibrated_t1_nex12\results\plot_data\bgk_r02_calibrated_t1_nex12_path_sweep_steps48_k100_benchmark.csv;D:\Mara PhD\Paper-C\To be deleted\full_numerical_studies\bgk_r02_calibrated_t1_nex12\results\plot_data\bgk_r02_calibrated_t1_nex12_path_sweep_steps48_k100_hybrid.csv;D:\Mara PhD\Paper-C\To be deleted\full_numerical_studies\bgk_r02_calibrated_t1_nex12\results\plot_data\bgk_r02_calibrated_t1_nex12_path_sweep_steps48_k110_benchmark.csv;D:\Mara PhD\Paper-C\To be deleted\full_numerical_studies\bgk_r02_calibrated_t1_nex12\results\plot_data\bgk_r02_calibrated_t1_nex12_path_sweep_steps48_k110_hybrid.csv;D:\Mara PhD\Paper-C\To be deleted\full_numerical_studies\bgk_r02_calibrated_t1_nex12\results\plot_data\bgk_r02_calibrated_t1_nex12_path_sweep_steps48_k70_benchmark.csv;D:\Mara PhD\Paper-C\To be deleted\full_numerical_studies\bgk_r02_calibrated_t1_nex12\results\plot_data\bgk_r02_calibrated_t1_nex12_path_sweep_steps48_k70_hybrid.csv;D:\Mara PhD\Paper-C\To be deleted\full_numerical_studies\bgk_r02_calibrated_t1_nex12\results\plot_data\bgk_r02_calibrated_t1_nex12_path_sweep_steps48_k80_benchmark.csv;D:\Mara PhD\Paper-C\To be deleted\full_numerical_studies\bgk_r02_calibrated_t1_nex12\results\plot_data\bgk_r02_calibrated_t1_nex12_path_sweep_steps48_k80_hybrid.csv;D:\Mara PhD\Paper-C\To be deleted\full_numerical_studies\bgk_r02_calibrated_t1_nex12\results\plot_data\bgk_r02_calibrated_t1_nex12_path_sweep_steps48_k90_benchmark.csv;D:\Mara PhD\Paper-C\To be deleted\full_numerical_studies\bgk_r02_calibrated_t1_nex12\results\plot_data\bgk_r02_calibrated_t1_nex12_path_sweep_steps48_k90_hybrid.csv,D:\Mara PhD\Paper-C\To be deleted\full_numerical_studies\bgk_r02_calibrated_t1_nex12\figures\bgk_r02_calibrated_t1_nex12_path_sweep_steps48_direct_relative_error.eps,41d3bc69adefd91e9586da75a98765f69e42c64dea6add3583993bc6c3d432c6,48-step path sweep,eps figure
table,D:\Mara PhD\Paper-C\To be deleted\full_numerical_studies\bgk_r02_calibrated_t1_nex12\results\reference_values\path_sweep\bgk_r02_calibrated_t1_nex12_path_sweep_k70_steps48_direct_ref1200_paths1200000_table.csv;D:\Mara PhD\Paper-C\To be deleted\full_numerical_studies\bgk_r02_calibrated_t1_nex12\results\reference_values\path_sweep\bgk_r02_calibrated_t1_nex12_path_sweep_k80_steps48_direct_ref1200_paths1200000_table.csv;D:\Mara PhD\Paper-C\To be deleted\full_numerical_studies\bgk_r02_calibrated_t1_nex12\results\reference_values\path_sweep\bgk_r02_calibrated_t1_nex12_path_sweep_k90_steps48_direct_ref1200_paths1200000_table.csv;D:\Mara PhD\Paper-C\To be deleted\full_numerical_studies\bgk_r02_calibrated_t1_nex12\results\reference_values\path_sweep\bgk_r02_calibrated_t1_nex12_path_sweep_k100_steps48_direct_ref1200_paths1200000_table.csv;D:\Mara PhD\Paper-C\To be deleted\full_numerical_studies\bgk_r02_calibrated_t1_nex12\results\reference_values\path_sweep\bgk_r02_calibrated_t1_nex12_path_sweep_k110_steps48_direct_ref1200_paths1200000_table.csv,D:\Mara PhD\Paper-C\To be deleted\full_numerical_studies\bgk_r02_calibrated_t1_nex12\tables\bgk_r02_calibrated_t1_nex12_path_sweep_steps48_path20k_table.tex,bb97b68a5a21115323ea54ba495a480ce2f9cc206f7ae04d07f4cbac338c2bc5,48 steps; 20k paths,representative path-sweep metrics
figure,D:\Mara PhD\Paper-C\To be deleted\full_numerical_studies\bgk_r02_calibrated_t1_nex12\results\plot_data\bgk_r02_calibrated_t1_nex12_path_sweep_steps60_k100_benchmark.csv;D:\Mara PhD\Paper-C\To be deleted\full_numerical_studies\bgk_r02_calibrated_t1_nex12\results\plot_data\bgk_r02_calibrated_t1_nex12_path_sweep_steps60_k100_hybrid.csv;D:\Mara PhD\Paper-C\To be deleted\full_numerical_studies\bgk_r02_calibrated_t1_nex12\results\plot_data\bgk_r02_calibrated_t1_nex12_path_sweep_steps60_k110_benchmark.csv;D:\Mara PhD\Paper-C\To be deleted\full_numerical_studies\bgk_r02_calibrated_t1_nex12\results\plot_data\bgk_r02_calibrated_t1_nex12_path_sweep_steps60_k110_hybrid.csv;D:\Mara PhD\Paper-C\To be deleted\full_numerical_studies\bgk_r02_calibrated_t1_nex12\results\plot_data\bgk_r02_calibrated_t1_nex12_path_sweep_steps60_k70_benchmark.csv;D:\Mara PhD\Paper-C\To be deleted\full_numerical_studies\bgk_r02_calibrated_t1_nex12\results\plot_data\bgk_r02_calibrated_t1_nex12_path_sweep_steps60_k70_hybrid.csv;D:\Mara PhD\Paper-C\To be deleted\full_numerical_studies\bgk_r02_calibrated_t1_nex12\results\plot_data\bgk_r02_calibrated_t1_nex12_path_sweep_steps60_k80_benchmark.csv;D:\Mara PhD\Paper-C\To be deleted\full_numerical_studies\bgk_r02_calibrated_t1_nex12\results\plot_data\bgk_r02_calibrated_t1_nex12_path_sweep_steps60_k80_hybrid.csv;D:\Mara PhD\Paper-C\To be deleted\full_numerical_studies\bgk_r02_calibrated_t1_nex12\results\plot_data\bgk_r02_calibrated_t1_nex12_path_sweep_steps60_k90_benchmark.csv;D:\Mara PhD\Paper-C\To be deleted\full_numerical_studies\bgk_r02_calibrated_t1_nex12\results\plot_data\bgk_r02_calibrated_t1_nex12_path_sweep_steps60_k90_hybrid.csv,D:\Mara PhD\Paper-C\To be deleted\full_numerical_studies\bgk_r02_calibrated_t1_nex12\figures\bgk_r02_calibrated_t1_nex12_path_sweep_steps60_direct_relative_error.pdf,361955500ebd4aa979fc36d9d984b449c313edd5c8d54bdf24d15dc70f1af43b,60-step path sweep,pdf figure
figure,D:\Mara PhD\Paper-C\To be deleted\full_numerical_studies\bgk_r02_calibrated_t1_nex12\results\plot_data\bgk_r02_calibrated_t1_nex12_path_sweep_steps60_k100_benchmark.csv;D:\Mara PhD\Paper-C\To be deleted\full_numerical_studies\bgk_r02_calibrated_t1_nex12\results\plot_data\bgk_r02_calibrated_t1_nex12_path_sweep_steps60_k100_hybrid.csv;D:\Mara PhD\Paper-C\To be deleted\full_numerical_studies\bgk_r02_calibrated_t1_nex12\results\plot_data\bgk_r02_calibrated_t1_nex12_path_sweep_steps60_k110_benchmark.csv;D:\Mara PhD\Paper-C\To be deleted\full_numerical_studies\bgk_r02_calibrated_t1_nex12\results\plot_data\bgk_r02_calibrated_t1_nex12_path_sweep_steps60_k110_hybrid.csv;D:\Mara PhD\Paper-C\To be deleted\full_numerical_studies\bgk_r02_calibrated_t1_nex12\results\plot_data\bgk_r02_calibrated_t1_nex12_path_sweep_steps60_k70_benchmark.csv;D:\Mara PhD\Paper-C\To be deleted\full_numerical_studies\bgk_r02_calibrated_t1_nex12\results\plot_data\bgk_r02_calibrated_t1_nex12_path_sweep_steps60_k70_hybrid.csv;D:\Mara PhD\Paper-C\To be deleted\full_numerical_studies\bgk_r02_calibrated_t1_nex12\results\plot_data\bgk_r02_calibrated_t1_nex12_path_sweep_steps60_k80_benchmark.csv;D:\Mara PhD\Paper-C\To be deleted\full_numerical_studies\bgk_r02_calibrated_t1_nex12\results\plot_data\bgk_r02_calibrated_t1_nex12_path_sweep_steps60_k80_hybrid.csv;D:\Mara PhD\Paper-C\To be deleted\full_numerical_studies\bgk_r02_calibrated_t1_nex12\results\plot_data\bgk_r02_calibrated_t1_nex12_path_sweep_steps60_k90_benchmark.csv;D:\Mara PhD\Paper-C\To be deleted\full_numerical_studies\bgk_r02_calibrated_t1_nex12\results\plot_data\bgk_r02_calibrated_t1_nex12_path_sweep_steps60_k90_hybrid.csv,D:\Mara PhD\Paper-C\To be deleted\full_numerical_studies\bgk_r02_calibrated_t1_nex12\figures\bgk_r02_calibrated_t1_nex12_path_sweep_steps60_direct_relative_error.png,53b53ffc8673778ac0786e92877ff163ea25eb79cf6e9ccc0558fed7dc541cf8,60-step path sweep,png figure
figure,D:\Mara PhD\Paper-C\To be deleted\full_numerical_studies\bgk_r02_calibrated_t1_nex12\results\plot_data\bgk_r02_calibrated_t1_nex12_path_sweep_steps60_k100_benchmark.csv;D:\Mara PhD\Paper-C\To be deleted\full_numerical_studies\bgk_r02_calibrated_t1_nex12\results\plot_data\bgk_r02_calibrated_t1_nex12_path_sweep_steps60_k100_hybrid.csv;D:\Mara PhD\Paper-C\To be deleted\full_numerical_studies\bgk_r02_calibrated_t1_nex12\results\plot_data\bgk_r02_calibrated_t1_nex12_path_sweep_steps60_k110_benchmark.csv;D:\Mara PhD\Paper-C\To be deleted\full_numerical_studies\bgk_r02_calibrated_t1_nex12\results\plot_data\bgk_r02_calibrated_t1_nex12_path_sweep_steps60_k110_hybrid.csv;D:\Mara PhD\Paper-C\To be deleted\full_numerical_studies\bgk_r02_calibrated_t1_nex12\results\plot_data\bgk_r02_calibrated_t1_nex12_path_sweep_steps60_k70_benchmark.csv;D:\Mara PhD\Paper-C\To be deleted\full_numerical_studies\bgk_r02_calibrated_t1_nex12\results\plot_data\bgk_r02_calibrated_t1_nex12_path_sweep_steps60_k70_hybrid.csv;D:\Mara PhD\Paper-C\To be deleted\full_numerical_studies\bgk_r02_calibrated_t1_nex12\results\plot_data\bgk_r02_calibrated_t1_nex12_path_sweep_steps60_k80_benchmark.csv;D:\Mara PhD\Paper-C\To be deleted\full_numerical_studies\bgk_r02_calibrated_t1_nex12\results\plot_data\bgk_r02_calibrated_t1_nex12_path_sweep_steps60_k80_hybrid.csv;D:\Mara PhD\Paper-C\To be deleted\full_numerical_studies\bgk_r02_calibrated_t1_nex12\results\plot_data\bgk_r02_calibrated_t1_nex12_path_sweep_steps60_k90_benchmark.csv;D:\Mara PhD\Paper-C\To be deleted\full_numerical_studies\bgk_r02_calibrated_t1_nex12\results\plot_data\bgk_r02_calibrated_t1_nex12_path_sweep_steps60_k90_hybrid.csv,D:\Mara PhD\Paper-C\To be deleted\full_numerical_studies\bgk_r02_calibrated_t1_nex12\figures\bgk_r02_calibrated_t1_nex12_path_sweep_steps60_direct_relative_error.eps,a93eb6c315b7f779c54457d7eead69027a17729b20855701c8f878f7671ee6e7,60-step path sweep,eps figure
table,D:\Mara PhD\Paper-C\To be deleted\full_numerical_studies\bgk_r02_calibrated_t1_nex12\results\reference_values\path_sweep\bgk_r02_calibrated_t1_nex12_path_sweep_k70_steps60_direct_ref1200_paths1200000_table.csv;D:\Mara PhD\Paper-C\To be deleted\full_numerical_studies\bgk_r02_calibrated_t1_nex12\results\reference_values\path_sweep\bgk_r02_calibrated_t1_nex12_path_sweep_k80_steps60_direct_ref1200_paths1200000_table.csv;D:\Mara PhD\Paper-C\To be deleted\full_numerical_studies\bgk_r02_calibrated_t1_nex12\results\reference_values\path_sweep\bgk_r02_calibrated_t1_nex12_path_sweep_k90_steps60_direct_ref1200_paths1200000_table.csv;D:\Mara PhD\Paper-C\To be deleted\full_numerical_studies\bgk_r02_calibrated_t1_nex12\results\reference_values\path_sweep\bgk_r02_calibrated_t1_nex12_path_sweep_k100_steps60_direct_ref1200_paths1200000_table.csv;D:\Mara PhD\Paper-C\To be deleted\full_numerical_studies\bgk_r02_calibrated_t1_nex12\results\reference_values\path_sweep\bgk_r02_calibrated_t1_nex12_path_sweep_k110_steps60_direct_ref1200_paths1200000_table.csv,D:\Mara PhD\Paper-C\To be deleted\full_numerical_studies\bgk_r02_calibrated_t1_nex12\tables\bgk_r02_calibrated_t1_nex12_path_sweep_steps60_path20k_table.tex,a4d9b926972c34d6e6f048dc526b8f548931ee71080c4466e7c9f7bc2670369e,60 steps; 20k paths,representative path-sweep metrics
table,D:\Mara PhD\Paper-C\To be deleted\full_numerical_studies\bgk_r02_calibrated_t1_nex12\results\reference_values\bgk_r02_calibrated_t1_nex12_benchmark_steps1200_paths1200000_table.csv;D:\Mara PhD\Paper-C\To be deleted\full_numerical_studies\bgk_r02_calibrated_t1_nex12\results\reference_values\bgk_r02_calibrated_t1_nex12_step_sweep_all_ref1200_direct_samepaths20k_s24487296_table.csv;D:\Mara PhD\Paper-C\To be deleted\full_numerical_studies\bgk_r02_calibrated_t1_nex12\results\reference_values\bgk_r02_calibrated_t1_nex12_step_sweep_all_ref1200_direct_samepaths60k_s24487296_table.csv;D:\Mara PhD\Paper-C\To be deleted\full_numerical_studies\bgk_r02_calibrated_t1_nex12\results\reference_values\path_sweep\bgk_r02_calibrated_t1_nex12_path_sweep_k70_steps48_direct_ref1200_paths1200000_table.csv;D:\Mara PhD\Paper-C\To be deleted\full_numerical_studies\bgk_r02_calibrated_t1_nex12\results\reference_values\path_sweep\bgk_r02_calibrated_t1_nex12_path_sweep_k80_steps48_direct_ref1200_paths1200000_table.csv;D:\Mara PhD\Paper-C\To be deleted\full_numerical_studies\bgk_r02_calibrated_t1_nex12\results\reference_values\path_sweep\bgk_r02_calibrated_t1_nex12_path_sweep_k90_steps48_direct_ref1200_paths1200000_table.csv;D:\Mara PhD\Paper-C\To be deleted\full_numerical_studies\bgk_r02_calibrated_t1_nex12\results\reference_values\path_sweep\bgk_r02_calibrated_t1_nex12_path_sweep_k100_steps48_direct_ref1200_paths1200000_table.csv;D:\Mara PhD\Paper-C\To be deleted\full_numerical_studies\bgk_r02_calibrated_t1_nex12\results\reference_values\path_sweep\bgk_r02_calibrated_t1_nex12_path_sweep_k110_steps48_direct_ref1200_paths1200000_table.csv;D:\Mara PhD\Paper-C\To be deleted\full_numerical_studies\bgk_r02_calibrated_t1_nex12\results\reference_values\path_sweep\bgk_r02_calibrated_t1_nex12_path_sweep_k70_steps60_direct_ref1200_paths1200000_table.csv;D:\Mara PhD\Paper-C\To be deleted\full_numerical_studies\bgk_r02_calibrated_t1_nex12\results\reference_values\path_sweep\bgk_r02_calibrated_t1_nex12_path_sweep_k80_steps60_direct_ref1200_paths1200000_table.csv;D:\Mara PhD\Paper-C\To be deleted\full_numerical_studies\bgk_r02_calibrated_t1_nex12\results\reference_values\path_sweep\bgk_r02_calibrated_t1_nex12_path_sweep_k90_steps60_direct_ref1200_paths1200000_table.csv;D:\Mara PhD\Paper-C\To be deleted\full_numerical_studies\bgk_r02_calibrated_t1_nex12\results\reference_values\path_sweep\bgk_r02_calibrated_t1_nex12_path_sweep_k100_steps60_direct_ref1200_paths1200000_table.csv;D:\Mara PhD\Paper-C\To be deleted\full_numerical_studies\bgk_r02_calibrated_t1_nex12\results\reference_values\path_sweep\bgk_r02_calibrated_t1_nex12_path_sweep_k110_steps60_direct_ref1200_paths1200000_table.csv,D:\Mara PhD\Paper-C\To be deleted\full_numerical_studies\bgk_r02_calibrated_t1_nex12\tables\bgk_r02_calibrated_t1_nex12_appendix_price_tables.tex,281fa47f86c09886f9fec34ec0e44537255faca27dcb5b13fc2636a145d291e1,appendix-style prices,sandbox price tables
