study,K,euler_steps,paths,low_paths,seed,low_seed,policy,price_direct,se_direct,ci_width_direct,price_low,se_low,direct_low_gap,runtime_seconds,r,delta1,delta2,v0,vp0,T,exercise_dates,benchmark_engine_sha256
policy,100,1200,60000,60000,2026,2103,all_paths,9.936948517233,0.074205677399,0.290886255404,10.004842319262,0.073751426335,0.006832459875,10.528871,0.02,0.5,0.5,0.114,0.11,1,12,9f68fa764ddd504f255f0bd81f5638093b041a929b8bc6a2d059845d2d390253
policy,100,1200,60000,60000,2026,2103,itm_only,9.961196508483,0.073910854728,0.289730550535,10.036764590987,0.073378001168,0.007586245532,10.292990,0.02,0.5,0.5,0.114,0.11,1,12,9f68fa764ddd504f255f0bd81f5638093b041a929b8bc6a2d059845d2d390253
policy,100,48,60000,60000,2026,2103,all_paths,11.508319355383,0.080013401176,0.313652532612,11.424172670105,0.079653920179,0.007311813539,0.767834,0.02,0.5,0.5,0.114,0.11,1,12,9f68fa764ddd504f255f0bd81f5638093b041a929b8bc6a2d059845d2d390253
policy,100,48,60000,60000,2026,2103,itm_only,11.534493936810,0.080206242792,0.314408471743,11.454284458404,0.079661188822,0.006953879281,0.772538,0.02,0.5,0.5,0.114,0.11,1,12,9f68fa764ddd504f255f0bd81f5638093b041a929b8bc6a2d059845d2d390253
policy,100,600,60000,60000,2026,2103,all_paths,10.047836610696,0.074383749897,0.291584299598,10.289352042859,0.074639347973,0.024036560458,5.207764,0.02,0.5,0.5,0.114,0.11,1,12,9f68fa764ddd504f255f0bd81f5638093b041a929b8bc6a2d059845d2d390253
policy,100,600,60000,60000,2026,2103,itm_only,10.056490780645,0.073908162945,0.289719998746,10.302643677511,0.074221688552,0.024477017106,5.149378,0.02,0.5,0.5,0.114,0.11,1,12,9f68fa764ddd504f255f0bd81f5638093b041a929b8bc6a2d059845d2d390253
policy,100,96,60000,60000,2026,2103,all_paths,10.955827878662,0.076212759907,0.298754018836,10.966849610606,0.076186399758,0.001006015435,1.216501,0.02,0.5,0.5,0.114,0.11,1,12,9f68fa764ddd504f255f0bd81f5638093b041a929b8bc6a2d059845d2d390253
policy,100,96,60000,60000,2026,2103,itm_only,10.976609918394,0.075346757633,0.295359289921,10.979916103105,0.075337104846,0.000301202715,1.210488,0.02,0.5,0.5,0.114,0.11,1,12,9f68fa764ddd504f255f0bd81f5638093b041a929b8bc6a2d059845d2d390253
policy,110,1200,60000,60000,2026,2103,all_paths,13.783381645287,0.079386391768,0.311194655732,13.975624505182,0.079583128199,0.013947437925,10.178317,0.02,0.5,0.5,0.114,0.11,1,12,9f68fa764ddd504f255f0bd81f5638093b041a929b8bc6a2d059845d2d390253
policy,110,1200,60000,60000,2026,2103,itm_only,13.804240960342,0.079161822989,0.310314346118,13.963186160036,0.079167789786,0.011514229587,10.211609,0.02,0.5,0.5,0.114,0.11,1,12,9f68fa764ddd504f255f0bd81f5638093b041a929b8bc6a2d059845d2d390253
policy,110,48,60000,60000,2026,2103,all_paths,15.613308924554,0.087807802120,0.344206584310,15.579424020295,0.087436476831,0.002170257722,0.798529,0.02,0.5,0.5,0.114,0.11,1,12,9f68fa764ddd504f255f0bd81f5638093b041a929b8bc6a2d059845d2d390253
policy,110,48,60000,60000,2026,2103,itm_only,15.643677355859,0.087667903913,0.343658183340,15.580917555106,0.087237374418,0.004011831702,0.815700,0.02,0.5,0.5,0.114,0.11,1,12,9f68fa764ddd504f255f0bd81f5638093b041a929b8bc6a2d059845d2d390253
policy,110,600,60000,60000,2026,2103,all_paths,13.975452637402,0.078621954297,0.308198060843,14.268986615827,0.079059873688,0.021003539995,5.334973,0.02,0.5,0.5,0.114,0.11,1,12,9f68fa764ddd504f255f0bd81f5638093b041a929b8bc6a2d059845d2d390253
policy,110,600,60000,60000,2026,2103,itm_only,13.988387630358,0.078585922612,0.308056816637,14.283480898730,0.078996187357,0.021095588439,5.417275,0.02,0.5,0.5,0.114,0.11,1,12,9f68fa764ddd504f255f0bd81f5638093b041a929b8bc6a2d059845d2d390253
policy,110,96,60000,60000,2026,2103,all_paths,15.083897319425,0.085524590583,0.335256395086,14.955616231395,0.085251649525,0.008504505521,1.225182,0.02,0.5,0.5,0.114,0.11,1,12,9f68fa764ddd504f255f0bd81f5638093b041a929b8bc6a2d059845d2d390253
policy,110,96,60000,60000,2026,2103,itm_only,15.106107495569,0.085076460110,0.333499723631,14.982965057853,0.084803012977,0.008151831155,1.257821,0.02,0.5,0.5,0.114,0.11,1,12,9f68fa764ddd504f255f0bd81f5638093b041a929b8bc6a2d059845d2d390253
policy,70,1200,60000,60000,2026,2103,all_paths,3.382324990933,0.041939748832,0.164403815421,3.406452810422,0.041924954721,0.007133501232,9.949420,0.02,0.5,0.5,0.114,0.11,1,12,9f68fa764ddd504f255f0bd81f5638093b041a929b8bc6a2d059845d2d390253
policy,70,1200,60000,60000,2026,2103,itm_only,3.442756764451,0.042177241475,0.165334786583,3.450985635532,0.041953041495,0.002390198217,9.984829,0.02,0.5,0.5,0.114,0.11,1,12,9f68fa764ddd504f255f0bd81f5638093b041a929b8bc6a2d059845d2d390253
policy,70,48,60000,60000,2026,2103,all_paths,4.050913259654,0.045619278747,0.178827572690,4.022378033667,0.045455171082,0.007044146383,0.765747,0.02,0.5,0.5,0.114,0.11,1,12,9f68fa764ddd504f255f0bd81f5638093b041a929b8bc6a2d059845d2d390253
policy,70,48,60000,60000,2026,2103,itm_only,4.100493321888,0.045081931326,0.176721170799,4.059742122175,0.044722694819,0.009938121224,0.765039,0.02,0.5,0.5,0.114,0.11,1,12,9f68fa764ddd504f255f0bd81f5638093b041a929b8bc6a2d059845d2d390253
policy,70,600,60000,60000,2026,2103,all_paths,3.440157120306,0.042472362168,0.166491659697,3.504761801968,0.042260047811,0.018779572968,5.194853,0.02,0.5,0.5,0.114,0.11,1,12,9f68fa764ddd504f255f0bd81f5638093b041a929b8bc6a2d059845d2d390253
policy,70,600,60000,60000,2026,2103,itm_only,3.510558867756,0.042474867191,0.166501479388,3.578952282525,0.042309736250,0.019482201366,5.279026,0.02,0.5,0.5,0.114,0.11,1,12,9f68fa764ddd504f255f0bd81f5638093b041a929b8bc6a2d059845d2d390253
policy,70,96,60000,60000,2026,2103,all_paths,3.770924488976,0.044172783660,0.173157311948,3.837271800972,0.044505613625,0.017594441944,1.212740,0.02,0.5,0.5,0.114,0.11,1,12,9f68fa764ddd504f255f0bd81f5638093b041a929b8bc6a2d059845d2d390253
policy,70,96,60000,60000,2026,2103,itm_only,3.835344189883,0.044010348069,0.172520564430,3.882281221925,0.044057205826,0.012238023426,1.189862,0.02,0.5,0.5,0.114,0.11,1,12,9f68fa764ddd504f255f0bd81f5638093b041a929b8bc6a2d059845d2d390253
policy_large_anchor,100,1200,200000,200000,2026,2103,all_paths,9.888815894126,0.039730381016,0.155743093582,9.901905739710,0.039744396232,0.001323702021,40.914283,0.02,0.5,0.5,0.114,0.11,1,12,9f68fa764ddd504f255f0bd81f5638093b041a929b8bc6a2d059845d2d390253
policy_large_anchor,100,1200,200000,200000,2026,2103,itm_only,9.923552762944,0.039570191202,0.155115149511,9.921958728047,0.039525599832,0.000160631473,40.053905,0.02,0.5,0.5,0.114,0.11,1,12,9f68fa764ddd504f255f0bd81f5638093b041a929b8bc6a2d059845d2d390253
policy_large_anchor,100,48,200000,200000,2026,2103,all_paths,11.438265714250,0.042830444213,0.167895341315,11.430583368928,0.042836311713,0.000671635501,2.496245,0.02,0.5,0.5,0.114,0.11,1,12,9f68fa764ddd504f255f0bd81f5638093b041a929b8bc6a2d059845d2d390253
policy_large_anchor,100,48,200000,200000,2026,2103,itm_only,11.469684298902,0.042588222163,0.166945830877,11.459094593698,0.042563086206,0.000923277828,2.700570,0.02,0.5,0.5,0.114,0.11,1,12,9f68fa764ddd504f255f0bd81f5638093b041a929b8bc6a2d059845d2d390253
