kind,study_type,reuse_mode,source_path,destination_path,sha256,scenario_scope,settings,notes,checksum_source
local_reference_input,path sweep,mixed_saved_and_computed,C:\MDU PhD\Paper C\Experiments 26.03\Hybrid LSMC-PDE with FFT\run_gdmr_hybrid_put.py;C:\MDU PhD\Paper C\Experiments 26.03\LSMC Benchmark\run_gdmr_benchmark_put.py;C:\MDU PhD\Paper C\Experiments 26.03\bgk_r00_t1_nex12_benchmark_steps1200_paths1200000_k80_k70_table.csv;C:\MDU PhD\Paper C\Experiments 26.03\bgk_r00_t1_nex12_benchmark_steps1200_paths1200000_table.csv;C:\MDU PhD\Paper C\Experiments 26.03\bgk_r00_t1_nex12_step_sweep_all_ref1200_direct_samepaths20k_s24487296_table.csv;C:\MDU PhD\Paper C\Experiments 26.03\bgk_r00_t1_nex12_step_sweep_all_ref1200_direct_samepaths60k_s24487296_table.csv,C:\MDU PhD\Paper C\Working Files\Manuscript Code\reference_values\path_sweep\bgk_r00_t1_nex12_path_sweep_k70_steps48_direct_ref1200_paths1200000_table.csv,425aefb41543d1a5431e847037cc7a1093b7ddd1a8321c44a4e7427f003bfac8,"K=70, 48 steps","48 steps; paths 250 to 60,000; direct path sweep","reuse mode: mixed_saved_and_computed; reused paths: 20,000, 60,000; computed paths: 250, 500, 1,000, 2,000, 5,000, 10,000, 40,000",C:\MDU PhD\Paper C\Working Files\Manuscript Code\outputs\reused_path_sweep_manifest.csv
local_reference_input,path sweep,mixed_saved_and_computed,C:\MDU PhD\Paper C\Experiments 26.03\Hybrid LSMC-PDE with FFT\run_gdmr_hybrid_put.py;C:\MDU PhD\Paper C\Experiments 26.03\LSMC Benchmark\run_gdmr_benchmark_put.py;C:\MDU PhD\Paper C\Experiments 26.03\bgk_r00_t1_nex12_benchmark_steps1200_paths1200000_k80_k70_table.csv;C:\MDU PhD\Paper C\Experiments 26.03\bgk_r00_t1_nex12_benchmark_steps1200_paths1200000_table.csv;C:\MDU PhD\Paper C\Experiments 26.03\bgk_r00_t1_nex12_step_sweep_all_ref1200_direct_samepaths20k_s24487296_table.csv;C:\MDU PhD\Paper C\Experiments 26.03\bgk_r00_t1_nex12_step_sweep_all_ref1200_direct_samepaths60k_s24487296_table.csv,C:\MDU PhD\Paper C\Working Files\Manuscript Code\reference_values\path_sweep\bgk_r00_t1_nex12_path_sweep_k80_steps48_direct_ref1200_paths1200000_table.csv,949556998562ac2d1b0c5465369dbc78408acb4ded2e850bea81b7904db18d2c,"K=80, 48 steps","48 steps; paths 250 to 60,000; direct path sweep","reuse mode: mixed_saved_and_computed; reused paths: 20,000, 60,000; computed paths: 250, 500, 1,000, 2,000, 5,000, 10,000, 40,000",C:\MDU PhD\Paper C\Working Files\Manuscript Code\outputs\reused_path_sweep_manifest.csv
local_reference_input,path sweep,reused_directly,C:\MDU PhD\Paper C\Experiments 26.03\bgk_r00_t1_nex12_path_sweep_otm_steps48_direct_ref1200_paths1200000_table.csv,C:\MDU PhD\Paper C\Working Files\Manuscript Code\reference_values\path_sweep\bgk_r00_t1_nex12_path_sweep_k90_steps48_direct_ref1200_paths1200000_table.csv,74459da58595bcefd629eb713c03ef68c7b2f1fdc72b750fece5b52b5b016ee4,"K=90, 48 steps","48 steps; paths 250 to 60,000; direct path sweep","reuse mode: reused_directly; reused paths: 250, 500, 1,000, 2,000, 5,000, 10,000, 20,000, 40,000, 60,000",C:\MDU PhD\Paper C\Working Files\Manuscript Code\outputs\reused_path_sweep_manifest.csv
local_reference_input,path sweep,reused_directly,C:\MDU PhD\Paper C\Experiments 26.03\bgk_r00_t1_nex12_path_sweep_atm_steps48_direct_ref1200_paths1200000_table.csv,C:\MDU PhD\Paper C\Working Files\Manuscript Code\reference_values\path_sweep\bgk_r00_t1_nex12_path_sweep_k100_steps48_direct_ref1200_paths1200000_table.csv,c39480a5edeb32b7ddba19436a01c2b620ee1168db1560d56933e4ccbe6de199,"K=100, 48 steps","48 steps; paths 250 to 60,000; direct path sweep","reuse mode: reused_directly; reused paths: 250, 500, 1,000, 2,000, 5,000, 10,000, 20,000, 40,000, 60,000",C:\MDU PhD\Paper C\Working Files\Manuscript Code\outputs\reused_path_sweep_manifest.csv
local_reference_input,path sweep,mixed_saved_and_computed,C:\MDU PhD\Paper C\Experiments 26.03\Hybrid LSMC-PDE with FFT\run_gdmr_hybrid_put.py;C:\MDU PhD\Paper C\Experiments 26.03\LSMC Benchmark\run_gdmr_benchmark_put.py;C:\MDU PhD\Paper C\Experiments 26.03\bgk_r00_t1_nex12_benchmark_steps1200_paths1200000_k80_k70_table.csv;C:\MDU PhD\Paper C\Experiments 26.03\bgk_r00_t1_nex12_benchmark_steps1200_paths1200000_table.csv;C:\MDU PhD\Paper C\Experiments 26.03\bgk_r00_t1_nex12_step_sweep_all_ref1200_direct_samepaths20k_s24487296_table.csv;C:\MDU PhD\Paper C\Experiments 26.03\bgk_r00_t1_nex12_step_sweep_all_ref1200_direct_samepaths60k_s24487296_table.csv,C:\MDU PhD\Paper C\Working Files\Manuscript Code\reference_values\path_sweep\bgk_r00_t1_nex12_path_sweep_k110_steps48_direct_ref1200_paths1200000_table.csv,7a9701abb8d6cbcb6a2dfd5e1382bcaa8d289894207a8a49e1189aee1eb7491c,"K=110, 48 steps","48 steps; paths 250 to 60,000; direct path sweep","reuse mode: mixed_saved_and_computed; reused paths: 20,000, 60,000; computed paths: 250, 500, 1,000, 2,000, 5,000, 10,000, 40,000",C:\MDU PhD\Paper C\Working Files\Manuscript Code\outputs\reused_path_sweep_manifest.csv
local_reference_input,path sweep,computed_locally,C:\MDU PhD\Paper C\Experiments 26.03\Hybrid LSMC-PDE with FFT\run_gdmr_hybrid_put.py;C:\MDU PhD\Paper C\Experiments 26.03\LSMC Benchmark\run_gdmr_benchmark_put.py;C:\MDU PhD\Paper C\Experiments 26.03\bgk_r00_t1_nex12_benchmark_steps1200_paths1200000_k80_k70_table.csv;C:\MDU PhD\Paper C\Experiments 26.03\bgk_r00_t1_nex12_benchmark_steps1200_paths1200000_table.csv,C:\MDU PhD\Paper C\Working Files\Manuscript Code\reference_values\path_sweep\bgk_r00_t1_nex12_path_sweep_k70_steps60_direct_ref1200_paths1200000_table.csv,d04a08ee8521ab099ed5a0d48a32901d6686f0c2f0d5464a46ae09dbf84511fe,"K=70, 60 steps","60 steps; paths 250 to 60,000; direct path sweep","reuse mode: computed_locally; computed paths: 250, 500, 1,000, 2,000, 5,000, 10,000, 20,000, 40,000, 60,000",C:\MDU PhD\Paper C\Working Files\Manuscript Code\outputs\reused_path_sweep_manifest.csv
local_reference_input,path sweep,computed_locally,C:\MDU PhD\Paper C\Experiments 26.03\Hybrid LSMC-PDE with FFT\run_gdmr_hybrid_put.py;C:\MDU PhD\Paper C\Experiments 26.03\LSMC Benchmark\run_gdmr_benchmark_put.py;C:\MDU PhD\Paper C\Experiments 26.03\bgk_r00_t1_nex12_benchmark_steps1200_paths1200000_k80_k70_table.csv;C:\MDU PhD\Paper C\Experiments 26.03\bgk_r00_t1_nex12_benchmark_steps1200_paths1200000_table.csv,C:\MDU PhD\Paper C\Working Files\Manuscript Code\reference_values\path_sweep\bgk_r00_t1_nex12_path_sweep_k80_steps60_direct_ref1200_paths1200000_table.csv,c0b9c112e1748e997462988b50633adafef72551545dc060a918153a8d12c1d9,"K=80, 60 steps","60 steps; paths 250 to 60,000; direct path sweep","reuse mode: computed_locally; computed paths: 250, 500, 1,000, 2,000, 5,000, 10,000, 20,000, 40,000, 60,000",C:\MDU PhD\Paper C\Working Files\Manuscript Code\outputs\reused_path_sweep_manifest.csv
local_reference_input,path sweep,computed_locally,C:\MDU PhD\Paper C\Experiments 26.03\Hybrid LSMC-PDE with FFT\run_gdmr_hybrid_put.py;C:\MDU PhD\Paper C\Experiments 26.03\LSMC Benchmark\run_gdmr_benchmark_put.py;C:\MDU PhD\Paper C\Experiments 26.03\bgk_r00_t1_nex12_benchmark_steps1200_paths1200000_k80_k70_table.csv;C:\MDU PhD\Paper C\Experiments 26.03\bgk_r00_t1_nex12_benchmark_steps1200_paths1200000_table.csv,C:\MDU PhD\Paper C\Working Files\Manuscript Code\reference_values\path_sweep\bgk_r00_t1_nex12_path_sweep_k90_steps60_direct_ref1200_paths1200000_table.csv,545c0e7668ddd81e36908b3f8f68a3eb887eaf185847d673bbc75d277b61cd9d,"K=90, 60 steps","60 steps; paths 250 to 60,000; direct path sweep","reuse mode: computed_locally; computed paths: 250, 500, 1,000, 2,000, 5,000, 10,000, 20,000, 40,000, 60,000",C:\MDU PhD\Paper C\Working Files\Manuscript Code\outputs\reused_path_sweep_manifest.csv
local_reference_input,path sweep,computed_locally,C:\MDU PhD\Paper C\Experiments 26.03\Hybrid LSMC-PDE with FFT\run_gdmr_hybrid_put.py;C:\MDU PhD\Paper C\Experiments 26.03\LSMC Benchmark\run_gdmr_benchmark_put.py;C:\MDU PhD\Paper C\Experiments 26.03\bgk_r00_t1_nex12_benchmark_steps1200_paths1200000_k80_k70_table.csv;C:\MDU PhD\Paper C\Experiments 26.03\bgk_r00_t1_nex12_benchmark_steps1200_paths1200000_table.csv,C:\MDU PhD\Paper C\Working Files\Manuscript Code\reference_values\path_sweep\bgk_r00_t1_nex12_path_sweep_k100_steps60_direct_ref1200_paths1200000_table.csv,df6ebabff34764ff09418dbfecefa2b89f957825a1566a972d3d1794619c9b79,"K=100, 60 steps","60 steps; paths 250 to 60,000; direct path sweep","reuse mode: computed_locally; computed paths: 250, 500, 1,000, 2,000, 5,000, 10,000, 20,000, 40,000, 60,000",C:\MDU PhD\Paper C\Working Files\Manuscript Code\outputs\reused_path_sweep_manifest.csv
local_reference_input,path sweep,computed_locally,C:\MDU PhD\Paper C\Experiments 26.03\Hybrid LSMC-PDE with FFT\run_gdmr_hybrid_put.py;C:\MDU PhD\Paper C\Experiments 26.03\LSMC Benchmark\run_gdmr_benchmark_put.py;C:\MDU PhD\Paper C\Experiments 26.03\bgk_r00_t1_nex12_benchmark_steps1200_paths1200000_k80_k70_table.csv;C:\MDU PhD\Paper C\Experiments 26.03\bgk_r00_t1_nex12_benchmark_steps1200_paths1200000_table.csv,C:\MDU PhD\Paper C\Working Files\Manuscript Code\reference_values\path_sweep\bgk_r00_t1_nex12_path_sweep_k110_steps60_direct_ref1200_paths1200000_table.csv,013a212f5b4883a1e29c74fbe2dd9092585a5474af98ed96247fdfe10a747815,"K=110, 60 steps","60 steps; paths 250 to 60,000; direct path sweep","reuse mode: computed_locally; computed paths: 250, 500, 1,000, 2,000, 5,000, 10,000, 20,000, 40,000, 60,000",C:\MDU PhD\Paper C\Working Files\Manuscript Code\outputs\reused_path_sweep_manifest.csv
derived_asset,path sweep,rebased,C:\MDU PhD\Paper C\Working Files\Manuscript Code\reference_values\path_sweep\bgk_r00_t1_nex12_path_sweep_k70_steps48_direct_ref1200_paths1200000_table.csv,C:\MDU PhD\Paper C\Working Files\Manuscript Code\outputs\plot_data\path_sweep_steps48_k70_benchmark.csv,a32d3b32e2ea60a8b964b549ee2d337d616ee6b96c11bd00d2d43f3920b42f08,"K=70, 48 steps","48 steps; paths 250,1000,5000,10000,20000,40000,60000; relative error plot data",benchmark,C:\MDU PhD\Paper C\Working Files\Manuscript Code\outputs\reused_path_sweep_manifest.csv
overleaf_export,path sweep,rebased,C:\MDU PhD\Paper C\Working Files\Manuscript Code\outputs\plot_data\path_sweep_steps48_k70_benchmark.csv,C:\MDU PhD\Paper C\Working Files\Manuscript Overleaf\data\numerical\path_sweep_steps48_k70_benchmark.csv,a32d3b32e2ea60a8b964b549ee2d337d616ee6b96c11bd00d2d43f3920b42f08,"K=70, 48 steps","48 steps; paths 250,1000,5000,10000,20000,40000,60000; relative error plot data",overleaf export for benchmark,C:\MDU PhD\Paper C\Working Files\Manuscript Code\outputs\reused_path_sweep_manifest.csv
derived_asset,path sweep,rebased,C:\MDU PhD\Paper C\Working Files\Manuscript Code\reference_values\path_sweep\bgk_r00_t1_nex12_path_sweep_k70_steps48_direct_ref1200_paths1200000_table.csv,C:\MDU PhD\Paper C\Working Files\Manuscript Code\outputs\plot_data\path_sweep_steps48_k70_hybrid.csv,cb9c620734697e4a242f8a28623f1eaa0a2f85f7778877ad3f365adf510afd45,"K=70, 48 steps","48 steps; paths 250,1000,5000,10000,20000,40000,60000; relative error plot data",hybrid,C:\MDU PhD\Paper C\Working Files\Manuscript Code\outputs\reused_path_sweep_manifest.csv
overleaf_export,path sweep,rebased,C:\MDU PhD\Paper C\Working Files\Manuscript Code\outputs\plot_data\path_sweep_steps48_k70_hybrid.csv,C:\MDU PhD\Paper C\Working Files\Manuscript Overleaf\data\numerical\path_sweep_steps48_k70_hybrid.csv,cb9c620734697e4a242f8a28623f1eaa0a2f85f7778877ad3f365adf510afd45,"K=70, 48 steps","48 steps; paths 250,1000,5000,10000,20000,40000,60000; relative error plot data",overleaf export for hybrid,C:\MDU PhD\Paper C\Working Files\Manuscript Code\outputs\reused_path_sweep_manifest.csv
derived_asset,path sweep,rebased,C:\MDU PhD\Paper C\Working Files\Manuscript Code\reference_values\path_sweep\bgk_r00_t1_nex12_path_sweep_k80_steps48_direct_ref1200_paths1200000_table.csv,C:\MDU PhD\Paper C\Working Files\Manuscript Code\outputs\plot_data\path_sweep_steps48_k80_benchmark.csv,aa2ee10ce062132c92b7f608eb370cc947f01962624f0440524e65b977f7a471,"K=80, 48 steps","48 steps; paths 250,1000,5000,10000,20000,40000,60000; relative error plot data",benchmark,C:\MDU PhD\Paper C\Working Files\Manuscript Code\outputs\reused_path_sweep_manifest.csv
overleaf_export,path sweep,rebased,C:\MDU PhD\Paper C\Working Files\Manuscript Code\outputs\plot_data\path_sweep_steps48_k80_benchmark.csv,C:\MDU PhD\Paper C\Working Files\Manuscript Overleaf\data\numerical\path_sweep_steps48_k80_benchmark.csv,aa2ee10ce062132c92b7f608eb370cc947f01962624f0440524e65b977f7a471,"K=80, 48 steps","48 steps; paths 250,1000,5000,10000,20000,40000,60000; relative error plot data",overleaf export for benchmark,C:\MDU PhD\Paper C\Working Files\Manuscript Code\outputs\reused_path_sweep_manifest.csv
derived_asset,path sweep,rebased,C:\MDU PhD\Paper C\Working Files\Manuscript Code\reference_values\path_sweep\bgk_r00_t1_nex12_path_sweep_k80_steps48_direct_ref1200_paths1200000_table.csv,C:\MDU PhD\Paper C\Working Files\Manuscript Code\outputs\plot_data\path_sweep_steps48_k80_hybrid.csv,e754357d512bfbb13cb181c2a93d622190571496495bb640fcbb028954f258f6,"K=80, 48 steps","48 steps; paths 250,1000,5000,10000,20000,40000,60000; relative error plot data",hybrid,C:\MDU PhD\Paper C\Working Files\Manuscript Code\outputs\reused_path_sweep_manifest.csv
overleaf_export,path sweep,rebased,C:\MDU PhD\Paper C\Working Files\Manuscript Code\outputs\plot_data\path_sweep_steps48_k80_hybrid.csv,C:\MDU PhD\Paper C\Working Files\Manuscript Overleaf\data\numerical\path_sweep_steps48_k80_hybrid.csv,e754357d512bfbb13cb181c2a93d622190571496495bb640fcbb028954f258f6,"K=80, 48 steps","48 steps; paths 250,1000,5000,10000,20000,40000,60000; relative error plot data",overleaf export for hybrid,C:\MDU PhD\Paper C\Working Files\Manuscript Code\outputs\reused_path_sweep_manifest.csv
derived_asset,path sweep,rebased,C:\MDU PhD\Paper C\Working Files\Manuscript Code\reference_values\path_sweep\bgk_r00_t1_nex12_path_sweep_k90_steps48_direct_ref1200_paths1200000_table.csv,C:\MDU PhD\Paper C\Working Files\Manuscript Code\outputs\plot_data\path_sweep_steps48_k90_benchmark.csv,f4084cd84acfbac6b7a1cc2c714ba4e30a54d20229350bcf45a357c81c139b1d,"K=90, 48 steps","48 steps; paths 250,1000,5000,10000,20000,40000,60000; relative error plot data",benchmark,C:\MDU PhD\Paper C\Working Files\Manuscript Code\outputs\reused_path_sweep_manifest.csv
overleaf_export,path sweep,rebased,C:\MDU PhD\Paper C\Working Files\Manuscript Code\outputs\plot_data\path_sweep_steps48_k90_benchmark.csv,C:\MDU PhD\Paper C\Working Files\Manuscript Overleaf\data\numerical\path_sweep_steps48_k90_benchmark.csv,f4084cd84acfbac6b7a1cc2c714ba4e30a54d20229350bcf45a357c81c139b1d,"K=90, 48 steps","48 steps; paths 250,1000,5000,10000,20000,40000,60000; relative error plot data",overleaf export for benchmark,C:\MDU PhD\Paper C\Working Files\Manuscript Code\outputs\reused_path_sweep_manifest.csv
derived_asset,path sweep,rebased,C:\MDU PhD\Paper C\Working Files\Manuscript Code\reference_values\path_sweep\bgk_r00_t1_nex12_path_sweep_k90_steps48_direct_ref1200_paths1200000_table.csv,C:\MDU PhD\Paper C\Working Files\Manuscript Code\outputs\plot_data\path_sweep_steps48_k90_hybrid.csv,068e95b971731e240f42d5b7b18549add174ccf4d54bbbd676bd397312511b0e,"K=90, 48 steps","48 steps; paths 250,1000,5000,10000,20000,40000,60000; relative error plot data",hybrid,C:\MDU PhD\Paper C\Working Files\Manuscript Code\outputs\reused_path_sweep_manifest.csv
overleaf_export,path sweep,rebased,C:\MDU PhD\Paper C\Working Files\Manuscript Code\outputs\plot_data\path_sweep_steps48_k90_hybrid.csv,C:\MDU PhD\Paper C\Working Files\Manuscript Overleaf\data\numerical\path_sweep_steps48_k90_hybrid.csv,068e95b971731e240f42d5b7b18549add174ccf4d54bbbd676bd397312511b0e,"K=90, 48 steps","48 steps; paths 250,1000,5000,10000,20000,40000,60000; relative error plot data",overleaf export for hybrid,C:\MDU PhD\Paper C\Working Files\Manuscript Code\outputs\reused_path_sweep_manifest.csv
derived_asset,path sweep,rebased,C:\MDU PhD\Paper C\Working Files\Manuscript Code\reference_values\path_sweep\bgk_r00_t1_nex12_path_sweep_k100_steps48_direct_ref1200_paths1200000_table.csv,C:\MDU PhD\Paper C\Working Files\Manuscript Code\outputs\plot_data\path_sweep_steps48_k100_benchmark.csv,c756bf346ef944b222ee45dda8dd15eee6b0b4ecf17ded8e323b3248889573b5,"K=100, 48 steps","48 steps; paths 250,1000,5000,10000,20000,40000,60000; relative error plot data",benchmark,C:\MDU PhD\Paper C\Working Files\Manuscript Code\outputs\reused_path_sweep_manifest.csv
overleaf_export,path sweep,rebased,C:\MDU PhD\Paper C\Working Files\Manuscript Code\outputs\plot_data\path_sweep_steps48_k100_benchmark.csv,C:\MDU PhD\Paper C\Working Files\Manuscript Overleaf\data\numerical\path_sweep_steps48_k100_benchmark.csv,c756bf346ef944b222ee45dda8dd15eee6b0b4ecf17ded8e323b3248889573b5,"K=100, 48 steps","48 steps; paths 250,1000,5000,10000,20000,40000,60000; relative error plot data",overleaf export for benchmark,C:\MDU PhD\Paper C\Working Files\Manuscript Code\outputs\reused_path_sweep_manifest.csv
derived_asset,path sweep,rebased,C:\MDU PhD\Paper C\Working Files\Manuscript Code\reference_values\path_sweep\bgk_r00_t1_nex12_path_sweep_k100_steps48_direct_ref1200_paths1200000_table.csv,C:\MDU PhD\Paper C\Working Files\Manuscript Code\outputs\plot_data\path_sweep_steps48_k100_hybrid.csv,b183afb4485cc8c049e8fd4c2f7cb7cff6cbeed1aea743e8568075ffadb524c6,"K=100, 48 steps","48 steps; paths 250,1000,5000,10000,20000,40000,60000; relative error plot data",hybrid,C:\MDU PhD\Paper C\Working Files\Manuscript Code\outputs\reused_path_sweep_manifest.csv
overleaf_export,path sweep,rebased,C:\MDU PhD\Paper C\Working Files\Manuscript Code\outputs\plot_data\path_sweep_steps48_k100_hybrid.csv,C:\MDU PhD\Paper C\Working Files\Manuscript Overleaf\data\numerical\path_sweep_steps48_k100_hybrid.csv,b183afb4485cc8c049e8fd4c2f7cb7cff6cbeed1aea743e8568075ffadb524c6,"K=100, 48 steps","48 steps; paths 250,1000,5000,10000,20000,40000,60000; relative error plot data",overleaf export for hybrid,C:\MDU PhD\Paper C\Working Files\Manuscript Code\outputs\reused_path_sweep_manifest.csv
derived_asset,path sweep,rebased,C:\MDU PhD\Paper C\Working Files\Manuscript Code\reference_values\path_sweep\bgk_r00_t1_nex12_path_sweep_k110_steps48_direct_ref1200_paths1200000_table.csv,C:\MDU PhD\Paper C\Working Files\Manuscript Code\outputs\plot_data\path_sweep_steps48_k110_benchmark.csv,6ee6e769ca90a74a9ad70afe781245f15218052b26fe0bce041a56788cbb7f5b,"K=110, 48 steps","48 steps; paths 250,1000,5000,10000,20000,40000,60000; relative error plot data",benchmark,C:\MDU PhD\Paper C\Working Files\Manuscript Code\outputs\reused_path_sweep_manifest.csv
overleaf_export,path sweep,rebased,C:\MDU PhD\Paper C\Working Files\Manuscript Code\outputs\plot_data\path_sweep_steps48_k110_benchmark.csv,C:\MDU PhD\Paper C\Working Files\Manuscript Overleaf\data\numerical\path_sweep_steps48_k110_benchmark.csv,6ee6e769ca90a74a9ad70afe781245f15218052b26fe0bce041a56788cbb7f5b,"K=110, 48 steps","48 steps; paths 250,1000,5000,10000,20000,40000,60000; relative error plot data",overleaf export for benchmark,C:\MDU PhD\Paper C\Working Files\Manuscript Code\outputs\reused_path_sweep_manifest.csv
derived_asset,path sweep,rebased,C:\MDU PhD\Paper C\Working Files\Manuscript Code\reference_values\path_sweep\bgk_r00_t1_nex12_path_sweep_k110_steps48_direct_ref1200_paths1200000_table.csv,C:\MDU PhD\Paper C\Working Files\Manuscript Code\outputs\plot_data\path_sweep_steps48_k110_hybrid.csv,2957a41466a5bb647f3c57f93c359f770224286ddf7872c1bded8a54192e2b48,"K=110, 48 steps","48 steps; paths 250,1000,5000,10000,20000,40000,60000; relative error plot data",hybrid,C:\MDU PhD\Paper C\Working Files\Manuscript Code\outputs\reused_path_sweep_manifest.csv
overleaf_export,path sweep,rebased,C:\MDU PhD\Paper C\Working Files\Manuscript Code\outputs\plot_data\path_sweep_steps48_k110_hybrid.csv,C:\MDU PhD\Paper C\Working Files\Manuscript Overleaf\data\numerical\path_sweep_steps48_k110_hybrid.csv,2957a41466a5bb647f3c57f93c359f770224286ddf7872c1bded8a54192e2b48,"K=110, 48 steps","48 steps; paths 250,1000,5000,10000,20000,40000,60000; relative error plot data",overleaf export for hybrid,C:\MDU PhD\Paper C\Working Files\Manuscript Code\outputs\reused_path_sweep_manifest.csv
derived_asset,path sweep,rebased,C:\MDU PhD\Paper C\Working Files\Manuscript Code\reference_values\path_sweep\bgk_r00_t1_nex12_path_sweep_k70_steps60_direct_ref1200_paths1200000_table.csv,C:\MDU PhD\Paper C\Working Files\Manuscript Code\outputs\plot_data\path_sweep_steps60_k70_benchmark.csv,d9be8c233b4df57c25fbce5d3c0f8d7bdb81cac6a80ed2b4aa1dc72eadf4f855,"K=70, 60 steps","60 steps; paths 250,1000,5000,10000,20000,40000,60000; relative error plot data",benchmark,C:\MDU PhD\Paper C\Working Files\Manuscript Code\outputs\reused_path_sweep_manifest.csv
overleaf_export,path sweep,rebased,C:\MDU PhD\Paper C\Working Files\Manuscript Code\outputs\plot_data\path_sweep_steps60_k70_benchmark.csv,C:\MDU PhD\Paper C\Working Files\Manuscript Overleaf\data\numerical\path_sweep_steps60_k70_benchmark.csv,d9be8c233b4df57c25fbce5d3c0f8d7bdb81cac6a80ed2b4aa1dc72eadf4f855,"K=70, 60 steps","60 steps; paths 250,1000,5000,10000,20000,40000,60000; relative error plot data",overleaf export for benchmark,C:\MDU PhD\Paper C\Working Files\Manuscript Code\outputs\reused_path_sweep_manifest.csv
derived_asset,path sweep,rebased,C:\MDU PhD\Paper C\Working Files\Manuscript Code\reference_values\path_sweep\bgk_r00_t1_nex12_path_sweep_k70_steps60_direct_ref1200_paths1200000_table.csv,C:\MDU PhD\Paper C\Working Files\Manuscript Code\outputs\plot_data\path_sweep_steps60_k70_hybrid.csv,fe380bc86dc56c545781bb0436a448b82e7e7b5256d6be9cda28929077e3ee2b,"K=70, 60 steps","60 steps; paths 250,1000,5000,10000,20000,40000,60000; relative error plot data",hybrid,C:\MDU PhD\Paper C\Working Files\Manuscript Code\outputs\reused_path_sweep_manifest.csv
overleaf_export,path sweep,rebased,C:\MDU PhD\Paper C\Working Files\Manuscript Code\outputs\plot_data\path_sweep_steps60_k70_hybrid.csv,C:\MDU PhD\Paper C\Working Files\Manuscript Overleaf\data\numerical\path_sweep_steps60_k70_hybrid.csv,fe380bc86dc56c545781bb0436a448b82e7e7b5256d6be9cda28929077e3ee2b,"K=70, 60 steps","60 steps; paths 250,1000,5000,10000,20000,40000,60000; relative error plot data",overleaf export for hybrid,C:\MDU PhD\Paper C\Working Files\Manuscript Code\outputs\reused_path_sweep_manifest.csv
derived_asset,path sweep,rebased,C:\MDU PhD\Paper C\Working Files\Manuscript Code\reference_values\path_sweep\bgk_r00_t1_nex12_path_sweep_k80_steps60_direct_ref1200_paths1200000_table.csv,C:\MDU PhD\Paper C\Working Files\Manuscript Code\outputs\plot_data\path_sweep_steps60_k80_benchmark.csv,c4d317419ffbaf16bb2dcca90fcd1d094a8033c2c701589266defb949692ea34,"K=80, 60 steps","60 steps; paths 250,1000,5000,10000,20000,40000,60000; relative error plot data",benchmark,C:\MDU PhD\Paper C\Working Files\Manuscript Code\outputs\reused_path_sweep_manifest.csv
overleaf_export,path sweep,rebased,C:\MDU PhD\Paper C\Working Files\Manuscript Code\outputs\plot_data\path_sweep_steps60_k80_benchmark.csv,C:\MDU PhD\Paper C\Working Files\Manuscript Overleaf\data\numerical\path_sweep_steps60_k80_benchmark.csv,c4d317419ffbaf16bb2dcca90fcd1d094a8033c2c701589266defb949692ea34,"K=80, 60 steps","60 steps; paths 250,1000,5000,10000,20000,40000,60000; relative error plot data",overleaf export for benchmark,C:\MDU PhD\Paper C\Working Files\Manuscript Code\outputs\reused_path_sweep_manifest.csv
derived_asset,path sweep,rebased,C:\MDU PhD\Paper C\Working Files\Manuscript Code\reference_values\path_sweep\bgk_r00_t1_nex12_path_sweep_k80_steps60_direct_ref1200_paths1200000_table.csv,C:\MDU PhD\Paper C\Working Files\Manuscript Code\outputs\plot_data\path_sweep_steps60_k80_hybrid.csv,3720600546b0a15b7daa11bbe155825162151f67f2577e7054f7a05cc5cac706,"K=80, 60 steps","60 steps; paths 250,1000,5000,10000,20000,40000,60000; relative error plot data",hybrid,C:\MDU PhD\Paper C\Working Files\Manuscript Code\outputs\reused_path_sweep_manifest.csv
overleaf_export,path sweep,rebased,C:\MDU PhD\Paper C\Working Files\Manuscript Code\outputs\plot_data\path_sweep_steps60_k80_hybrid.csv,C:\MDU PhD\Paper C\Working Files\Manuscript Overleaf\data\numerical\path_sweep_steps60_k80_hybrid.csv,3720600546b0a15b7daa11bbe155825162151f67f2577e7054f7a05cc5cac706,"K=80, 60 steps","60 steps; paths 250,1000,5000,10000,20000,40000,60000; relative error plot data",overleaf export for hybrid,C:\MDU PhD\Paper C\Working Files\Manuscript Code\outputs\reused_path_sweep_manifest.csv
derived_asset,path sweep,rebased,C:\MDU PhD\Paper C\Working Files\Manuscript Code\reference_values\path_sweep\bgk_r00_t1_nex12_path_sweep_k90_steps60_direct_ref1200_paths1200000_table.csv,C:\MDU PhD\Paper C\Working Files\Manuscript Code\outputs\plot_data\path_sweep_steps60_k90_benchmark.csv,07cf960756e345ff86f7f7e306b854ce9d48ab207bab0433ff70681945e54fed,"K=90, 60 steps","60 steps; paths 250,1000,5000,10000,20000,40000,60000; relative error plot data",benchmark,C:\MDU PhD\Paper C\Working Files\Manuscript Code\outputs\reused_path_sweep_manifest.csv
overleaf_export,path sweep,rebased,C:\MDU PhD\Paper C\Working Files\Manuscript Code\outputs\plot_data\path_sweep_steps60_k90_benchmark.csv,C:\MDU PhD\Paper C\Working Files\Manuscript Overleaf\data\numerical\path_sweep_steps60_k90_benchmark.csv,07cf960756e345ff86f7f7e306b854ce9d48ab207bab0433ff70681945e54fed,"K=90, 60 steps","60 steps; paths 250,1000,5000,10000,20000,40000,60000; relative error plot data",overleaf export for benchmark,C:\MDU PhD\Paper C\Working Files\Manuscript Code\outputs\reused_path_sweep_manifest.csv
derived_asset,path sweep,rebased,C:\MDU PhD\Paper C\Working Files\Manuscript Code\reference_values\path_sweep\bgk_r00_t1_nex12_path_sweep_k90_steps60_direct_ref1200_paths1200000_table.csv,C:\MDU PhD\Paper C\Working Files\Manuscript Code\outputs\plot_data\path_sweep_steps60_k90_hybrid.csv,081b8a8c3c4daedfc65a434b38499856dfba8e0a17aced98ab6db4ff42c26793,"K=90, 60 steps","60 steps; paths 250,1000,5000,10000,20000,40000,60000; relative error plot data",hybrid,C:\MDU PhD\Paper C\Working Files\Manuscript Code\outputs\reused_path_sweep_manifest.csv
overleaf_export,path sweep,rebased,C:\MDU PhD\Paper C\Working Files\Manuscript Code\outputs\plot_data\path_sweep_steps60_k90_hybrid.csv,C:\MDU PhD\Paper C\Working Files\Manuscript Overleaf\data\numerical\path_sweep_steps60_k90_hybrid.csv,081b8a8c3c4daedfc65a434b38499856dfba8e0a17aced98ab6db4ff42c26793,"K=90, 60 steps","60 steps; paths 250,1000,5000,10000,20000,40000,60000; relative error plot data",overleaf export for hybrid,C:\MDU PhD\Paper C\Working Files\Manuscript Code\outputs\reused_path_sweep_manifest.csv
derived_asset,path sweep,rebased,C:\MDU PhD\Paper C\Working Files\Manuscript Code\reference_values\path_sweep\bgk_r00_t1_nex12_path_sweep_k100_steps60_direct_ref1200_paths1200000_table.csv,C:\MDU PhD\Paper C\Working Files\Manuscript Code\outputs\plot_data\path_sweep_steps60_k100_benchmark.csv,bdeca2a9d1502d2f172c87f4e05baab810b7a31d89d958e31748c8249e6be52e,"K=100, 60 steps","60 steps; paths 250,1000,5000,10000,20000,40000,60000; relative error plot data",benchmark,C:\MDU PhD\Paper C\Working Files\Manuscript Code\outputs\reused_path_sweep_manifest.csv
overleaf_export,path sweep,rebased,C:\MDU PhD\Paper C\Working Files\Manuscript Code\outputs\plot_data\path_sweep_steps60_k100_benchmark.csv,C:\MDU PhD\Paper C\Working Files\Manuscript Overleaf\data\numerical\path_sweep_steps60_k100_benchmark.csv,bdeca2a9d1502d2f172c87f4e05baab810b7a31d89d958e31748c8249e6be52e,"K=100, 60 steps","60 steps; paths 250,1000,5000,10000,20000,40000,60000; relative error plot data",overleaf export for benchmark,C:\MDU PhD\Paper C\Working Files\Manuscript Code\outputs\reused_path_sweep_manifest.csv
derived_asset,path sweep,rebased,C:\MDU PhD\Paper C\Working Files\Manuscript Code\reference_values\path_sweep\bgk_r00_t1_nex12_path_sweep_k100_steps60_direct_ref1200_paths1200000_table.csv,C:\MDU PhD\Paper C\Working Files\Manuscript Code\outputs\plot_data\path_sweep_steps60_k100_hybrid.csv,543b880d4b1e2a132a8acfb0d332b516f1f5f6889d0502a21c057d91f7e384f1,"K=100, 60 steps","60 steps; paths 250,1000,5000,10000,20000,40000,60000; relative error plot data",hybrid,C:\MDU PhD\Paper C\Working Files\Manuscript Code\outputs\reused_path_sweep_manifest.csv
overleaf_export,path sweep,rebased,C:\MDU PhD\Paper C\Working Files\Manuscript Code\outputs\plot_data\path_sweep_steps60_k100_hybrid.csv,C:\MDU PhD\Paper C\Working Files\Manuscript Overleaf\data\numerical\path_sweep_steps60_k100_hybrid.csv,543b880d4b1e2a132a8acfb0d332b516f1f5f6889d0502a21c057d91f7e384f1,"K=100, 60 steps","60 steps; paths 250,1000,5000,10000,20000,40000,60000; relative error plot data",overleaf export for hybrid,C:\MDU PhD\Paper C\Working Files\Manuscript Code\outputs\reused_path_sweep_manifest.csv
derived_asset,path sweep,rebased,C:\MDU PhD\Paper C\Working Files\Manuscript Code\reference_values\path_sweep\bgk_r00_t1_nex12_path_sweep_k110_steps60_direct_ref1200_paths1200000_table.csv,C:\MDU PhD\Paper C\Working Files\Manuscript Code\outputs\plot_data\path_sweep_steps60_k110_benchmark.csv,1b37d90e679bf168a1163e0cbc06be2372ef7c9866378187c7f016a2d8d73f44,"K=110, 60 steps","60 steps; paths 250,1000,5000,10000,20000,40000,60000; relative error plot data",benchmark,C:\MDU PhD\Paper C\Working Files\Manuscript Code\outputs\reused_path_sweep_manifest.csv
overleaf_export,path sweep,rebased,C:\MDU PhD\Paper C\Working Files\Manuscript Code\outputs\plot_data\path_sweep_steps60_k110_benchmark.csv,C:\MDU PhD\Paper C\Working Files\Manuscript Overleaf\data\numerical\path_sweep_steps60_k110_benchmark.csv,1b37d90e679bf168a1163e0cbc06be2372ef7c9866378187c7f016a2d8d73f44,"K=110, 60 steps","60 steps; paths 250,1000,5000,10000,20000,40000,60000; relative error plot data",overleaf export for benchmark,C:\MDU PhD\Paper C\Working Files\Manuscript Code\outputs\reused_path_sweep_manifest.csv
derived_asset,path sweep,rebased,C:\MDU PhD\Paper C\Working Files\Manuscript Code\reference_values\path_sweep\bgk_r00_t1_nex12_path_sweep_k110_steps60_direct_ref1200_paths1200000_table.csv,C:\MDU PhD\Paper C\Working Files\Manuscript Code\outputs\plot_data\path_sweep_steps60_k110_hybrid.csv,ffdcb06ad55538889003b8d9006a32ec523e5268becfd2fae0a57a33e3a5de80,"K=110, 60 steps","60 steps; paths 250,1000,5000,10000,20000,40000,60000; relative error plot data",hybrid,C:\MDU PhD\Paper C\Working Files\Manuscript Code\outputs\reused_path_sweep_manifest.csv
overleaf_export,path sweep,rebased,C:\MDU PhD\Paper C\Working Files\Manuscript Code\outputs\plot_data\path_sweep_steps60_k110_hybrid.csv,C:\MDU PhD\Paper C\Working Files\Manuscript Overleaf\data\numerical\path_sweep_steps60_k110_hybrid.csv,ffdcb06ad55538889003b8d9006a32ec523e5268becfd2fae0a57a33e3a5de80,"K=110, 60 steps","60 steps; paths 250,1000,5000,10000,20000,40000,60000; relative error plot data",overleaf export for hybrid,C:\MDU PhD\Paper C\Working Files\Manuscript Code\outputs\reused_path_sweep_manifest.csv
derived_asset,path sweep,rebased,C:\MDU PhD\Paper C\Working Files\Manuscript Code\reference_values\path_sweep\bgk_r00_t1_nex12_path_sweep_k70_steps48_direct_ref1200_paths1200000_table.csv;C:\MDU PhD\Paper C\Working Files\Manuscript Code\reference_values\path_sweep\bgk_r00_t1_nex12_path_sweep_k80_steps48_direct_ref1200_paths1200000_table.csv;C:\MDU PhD\Paper C\Working Files\Manuscript Code\reference_values\path_sweep\bgk_r00_t1_nex12_path_sweep_k90_steps48_direct_ref1200_paths1200000_table.csv;C:\MDU PhD\Paper C\Working Files\Manuscript Code\reference_values\path_sweep\bgk_r00_t1_nex12_path_sweep_k100_steps48_direct_ref1200_paths1200000_table.csv;C:\MDU PhD\Paper C\Working Files\Manuscript Code\reference_values\path_sweep\bgk_r00_t1_nex12_path_sweep_k110_steps48_direct_ref1200_paths1200000_table.csv,C:\MDU PhD\Paper C\Working Files\Manuscript Code\tables\path_sweep_steps48_path20k_table.tex,a9e306a6d6227aa8595926801e00fbff484ef02a14886183b79646f3ba66644e,"five-strike path sweep, 48 steps","48 steps; representative 20,000-path comparison",representative path-20k metrics table,C:\MDU PhD\Paper C\Working Files\Manuscript Code\outputs\reused_path_sweep_manifest.csv
overleaf_export,path sweep,rebased,C:\MDU PhD\Paper C\Working Files\Manuscript Code\tables\path_sweep_steps48_path20k_table.tex,C:\MDU PhD\Paper C\Working Files\Manuscript Overleaf\tables\numerical\path_sweep_steps48_path20k_table.tex,a9e306a6d6227aa8595926801e00fbff484ef02a14886183b79646f3ba66644e,"five-strike path sweep, 48 steps","48 steps; representative 20,000-path comparison",overleaf export for representative path-20k metrics table,C:\MDU PhD\Paper C\Working Files\Manuscript Code\outputs\reused_path_sweep_manifest.csv
derived_asset,path sweep,rebased,C:\MDU PhD\Paper C\Working Files\Manuscript Code\reference_values\path_sweep\bgk_r00_t1_nex12_path_sweep_k70_steps60_direct_ref1200_paths1200000_table.csv;C:\MDU PhD\Paper C\Working Files\Manuscript Code\reference_values\path_sweep\bgk_r00_t1_nex12_path_sweep_k80_steps60_direct_ref1200_paths1200000_table.csv;C:\MDU PhD\Paper C\Working Files\Manuscript Code\reference_values\path_sweep\bgk_r00_t1_nex12_path_sweep_k90_steps60_direct_ref1200_paths1200000_table.csv;C:\MDU PhD\Paper C\Working Files\Manuscript Code\reference_values\path_sweep\bgk_r00_t1_nex12_path_sweep_k100_steps60_direct_ref1200_paths1200000_table.csv;C:\MDU PhD\Paper C\Working Files\Manuscript Code\reference_values\path_sweep\bgk_r00_t1_nex12_path_sweep_k110_steps60_direct_ref1200_paths1200000_table.csv,C:\MDU PhD\Paper C\Working Files\Manuscript Code\tables\path_sweep_steps60_path20k_table.tex,c33d1f198d315d080ba46f6d1fc2ced77fe760a122f8c6a4204f2b0bf3b173b2,"five-strike path sweep, 60 steps","60 steps; representative 20,000-path comparison",representative path-20k metrics table,C:\MDU PhD\Paper C\Working Files\Manuscript Code\outputs\reused_path_sweep_manifest.csv
overleaf_export,path sweep,rebased,C:\MDU PhD\Paper C\Working Files\Manuscript Code\tables\path_sweep_steps60_path20k_table.tex,C:\MDU PhD\Paper C\Working Files\Manuscript Overleaf\tables\numerical\path_sweep_steps60_path20k_table.tex,c33d1f198d315d080ba46f6d1fc2ced77fe760a122f8c6a4204f2b0bf3b173b2,"five-strike path sweep, 60 steps","60 steps; representative 20,000-path comparison",overleaf export for representative path-20k metrics table,C:\MDU PhD\Paper C\Working Files\Manuscript Code\outputs\reused_path_sweep_manifest.csv
